role,L_c,M_K,n_axis,hard_gate,error,x_K,ell_K,xi_K,s_K,Mpp_sign_changes,single_peak,theta_max_deg,min_mu_minus_theta_deg,flip_interior,topology_margin,downstream_max_dkds,downstream_J_dkds2,Mppp_jump,max_Mppp,J_axis
sweep,30.0,1.5,600,False,,1.2308312315189394,0.8062265172443408,0.026874217241478027,0.3082849157994656,1,True,19.99067347248486,-1.27727160546212,0,0.045500108746931826,10.816686047565245,22.821705938192924,2.0231329369696383,2.8624086099746235,1.6260274212837817
sweep,30.0,1.6,600,True,,1.4691686187935087,1.0445639045189101,0.03481879681729701,0.3039152983564757,1,True,19.90551840769459,-1.237033107800891,0,0.04566642552403199,15.605391766724283,24.365094126230357,1.1930910622110176,1.8403686964368653,0.8182516369439519
sweep,30.0,1.7,600,True,,1.710027686323691,1.2854229720490924,0.042847432401636416,0.2994994490647979,1,True,19.824014958401737,-1.201622221060665,0,0.045850668253810636,11.654749314771449,15.32087432381078,0.7799206159301207,1.3055005862385425,0.47984709619243765
sweep,30.0,1.8,600,True,,1.953490209576361,1.5288854953017625,0.05096284984339208,0.2950358686736289,1,True,19.72652066507202,-1.1584218812789284,0,0.04605415233695335,7.346012208999452,6.978797004564547,0.5457419907939536,0.987275971270342,0.31116028879150226
sweep,30.0,1.9,600,True,,2.1996424817843847,1.7750377675097861,0.05916792558365954,0.2905229751046698,1,True,19.648051828651575,-1.112515596024338,0,0.046278238745629724,6.171568613057949,5.919164288326534,0.4007881777948739,0.780785485715415,0.2165971999136104
sweep,30.0,2.0,600,True,,2.4485756712859534,2.023970957011355,0.06746569856704517,0.28595909690067184,1,True,19.58933476260699,-1.0675295580955086,0,0.04655694807028574,5.976912752841094,5.241273054784666,0.30515089773800064,0.6381380942616665,0.1588988484186961
sweep,30.0,2.1,600,True,,2.7003862160480288,2.27578150177343,0.07585938339244767,0.28134246599228546,1,True,19.560446892426913,-1.0141215779912656,0,0.046794919309362096,2.4588116256076655,1.0755523815145038,0.23892295908089467,0.5348192435810547,0.1213651268972079
sweep,30.0,2.2,600,True,,2.9551762602186975,2.530571545944099,0.0843523848648033,0.276671209694494,1,True,19.559376640463316,-0.9688627887419429,0,0.04709118226061366,3.1657097841169626,1.2471993676700912,0.1912858341936073,0.45716493797698937,0.0956942875190936
sweep,30.0,2.3,600,True,,3.213054138305186,2.7884494240305875,0.09294831413435292,0.27194334182980956,1,True,19.5933304589048,-0.9307380383029598,0,0.04741543161856377,1.8891597837235239,0.48681115339770725,0.15595648587178734,0.397039840812026,0.07741582864834498
sweep,30.0,2.4,600,True,,3.4741349134901385,3.04953019921554,0.101651006640518,0.26715675285892143,1,True,19.65314561231685,-0.9055569008358034,0,0.04770581928004287,1.173450458163166,0.22180543397019598,0.1290870637996955,0.34933842254646064,0.06396392791152448
sweep,30.0,2.5,600,True,,3.73854097767302,3.3139362633984213,0.1104645421132807,0.2623091988796785,1,True,19.724144837000356,-0.8954895727559359,0,0.0481028415302327,1.0638799902225982,0.14389372892790017,0.10821650224182366,0.3107156706968543,0.05378728026699536
sweep,30.0,2.6,600,True,,4.006402722114451,3.581798007839853,0.1193932669279951,0.2573982893316496,1,True,19.81961806047153,-0.9063567950603175,0,0.04846035260942965,0.8160698762154027,0.10064082857410078,0.09171268134675552,0.27890001877517406,0.04590644805425675
sweep,30.0,2.7,600,True,,4.277859289111409,3.8532545748368103,0.12844181916122702,0.252421473215105,1,True,19.928244481812207,-0.9310152470718858,0,0.048887050176540714,0.5372749617879863,0.0699586281952655,0.078459511946128,0.2523013538791955,0.03967998684222879
sweep,30.0,2.8,600,True,,4.553059417000233,4.128454702725634,0.13761515675752112,0.2473760235989559,1,True,20.042133505423998,-0.9664414216223517,0,0.049281983402227954,0.41340374167676236,0.06563396184571038,0.06767342927616425,0.22977725853053785,0.034674420455228255
sweep,30.0,2.9,600,True,,4.832162393054107,4.407557678779508,0.14691858929265025,0.24225902015061473,1,True,20.178182018636758,-1.0143390179439211,0,0.04972599975084651,0.47813340128315024,0.0714276414914251,0.05879161353278242,0.21048824803538918,0.03058874312736299
sweep,30.0,3.0,600,True,,5.115339131599221,4.690734417324622,0.15635781391082074,0.23706732936996408,1,True,20.30777091335433,-1.0754262422176721,0,0.050346913496014216,0.5825663030629228,0.08460320933221022,0.05140163017463244,0.1938051479709259,0.027208907534538244
sweep,30.0,3.1,600,True,,5.402773398086067,4.978168683811468,0.16593895612704893,0.23179758214769586,1,True,20.463878838693322,-1.1393748869359046,0,0.050844998921667085,0.4041931415994011,0.07039578799191597,0.04519585428719758,0.17924811983787373,0.024379476901934347
sweep,30.0,3.2,600,True,,5.694663203996226,5.270058489721627,0.17566861632405426,0.22644614819135345,1,True,20.608063100677374,-1.2188024013671428,0,0.05140409365638718,0.6154484055741524,0.07933590016802744,0.03994119376057571,0.1664455011808486,0.02198545233644819
sweep,30.0,3.3,600,True,,5.99122240267306,5.566617688398461,0.18555392294661535,0.2210091067676682,1,True,20.777874088501655,-1.29925847420509,0,0.05205340099727352,1.0316797606278643,0.1049594706210169,0.03545851945364969,0.15510539539025814,0.019940321704203248
sweep,30.0,3.4,600,True,,6.292682522641304,5.868077808366705,0.19560259361222349,0.21548221309129187,1,True,20.936931888255202,-1.3901252061702725,0,0.05255698141327475,0.6998890359328301,0.08984944328245648,0.031608406932374884,0.14499566747039783,0.01817801867079339
sweep,30.0,3.5,600,True,,6.599294883043447,6.174690168768848,0.20582300562562825,0.20986085954046246,1,True,21.116282418448062,-1.4824820271968773,0,0.05274449199855721,0.6465528124863528,0.09487639360478341,0.028281072994101483,0.1359296040501819,0.016647400472019933
sweep,30.0,3.6,600,True,,6.911333046212688,6.486728331938089,0.21622427773126962,0.20414003069253192,1,True,21.289254390661686,-1.5840266613403082,0,0.052723613711590546,0.6413706492756833,0.096316137828214,0.0253891556880389,0.12775546583865025,0.015308384488994011
sweep,30.0,3.7,600,True,,7.22909567540874,6.804490961134141,0.22681636537113803,0.19831425093074467,1,True,21.476713088392827,-1.685016599846061,0,0.05223914236079824,1.204338550636704,0.16720765310041028,0.022862456593681826,0.12034876289397704,0.014129199431772725
sweep,30.0,3.8,600,True,,7.5529098826968095,7.1283051684222105,0.23761017228074036,0.1923775230651094,1,True,21.663891353341672,-1.7965304794987538,0,0.051757518426294294,1.2883669056359914,0.20263284859185582,0.020644059364843988,0.11360646554536741,0.013084399259408765
sweep,30.0,3.9,600,True,,7.8831351737984345,7.4585304595238355,0.24861768198412784,0.18632325600859118,1,True,21.85809105956261,-1.9036689623274496,0,0.05117082066047075,1.1860812598094503,0.27103660535039975,0.018687427904343575,0.10744261178191787,0.012153407816497236
sweep,30.0,4.0,600,True,,8.220168125403884,7.795563411129285,0.2598521137043095,0.1801441790243341,1,True,22.060603003382255,-2.0244194599843244,0,0.050496816218837205,2.616800320065195,0.566785133902086,0.016954211273776117,0.1017849357597299,0.011319438426145422
sweep,35.0,1.5,600,False,,1.2751653662782247,0.8505606520036262,0.02430173291438932,0.26354751854888214,1,True,18.061630966262868,-0.28757546154937513,0,0.05088094730702558,21.52301289876214,77.27506145292071,2.177768441433929,2.973999878400479,1.9027857586080337
sweep,35.0,1.6,600,True,,1.5263438630111548,1.1017391487365562,0.031478261392473034,0.25960033874929633,1,True,17.979144119133014,-0.24812200758260589,0,0.05113957636321298,20.627400452929134,70.5167426982042,1.2829341957628329,1.897327825368475,0.9452237720102569
sweep,35.0,1.7,600,True,,1.7800503827631555,1.355445668488557,0.038727019099673056,0.25561343197657554,1,True,17.89579257990569,-0.21073067060717962,0,0.051419200570100666,15.726968793737523,44.01094573849025,0.8376730985460137,1.3368135229918667,0.5475926140537124
sweep,35.0,1.8,600,True,,2.036362828675928,1.6117581144013293,0.04605023184003798,0.25158557401080667,1,True,17.798980391919635,-0.1628632605347013,0,0.05172129670572768,14.60215121274313,33.56066660284974,0.5853981497115599,1.0049470529230398,0.351044309058654
sweep,35.0,1.9,600,True,,2.295363189125077,1.8707584748504784,0.0534502421385851,0.24751547643416777,1,True,17.710951379069567,-0.12151260345899725,0,0.051910596242187086,9.206970716862232,15.749859912560439,0.4293005354591027,0.790577676935621,0.2417462429818581
sweep,35.0,2.0,600,True,,2.557137844082263,2.1325331298076646,0.0609295179945047,0.24340178181651223,1,True,17.609197855211946,-0.07138849231683515,0,0.05226263844943594,7.596336163983749,8.91388659677502,0.32634919311805566,0.6431135590063322,0.17556974916026685
sweep,35.0,2.1,600,True,,2.821777901658369,2.3971731873837703,0.06849066249667915,0.23924305842650598,1,True,17.50969435468365,-0.02253748027415909,0,0.052506481360131745,5.268993853639376,4.544135699056111,0.2550831315586261,0.5367299070653705,0.13283816801807735
sweep,35.0,2.2,600,True,,3.089379568575931,2.6647748543013323,0.0761364244086095,0.23503779441013034,1,True,17.437693228643408,0.034280480494615,0,0.05281957745859501,3.230418733246924,1.5852267563482785,0.20384155507156132,0.45707088493052983,0.10381908398306547
sweep,35.0,2.3,600,True,,3.360044558794598,2.9354398445199994,0.08386970984342855,0.23078439136908918,1,True,17.406126799128064,0.08799449841434095,0,0.053222028360920846,2.6400087612644776,1.1099420073089048,0.16585351888218028,0.3956111774115442,0.08329700281414228
sweep,35.0,2.4,600,True,,3.633880545241509,3.2092758309669103,0.09169359517048314,0.2264811572620111,1,True,17.41779093404196,0.14309711033752062,0,0.053563326079624746,1.9482620782152913,0.7328193508417996,0.13697314384667547,0.3470137239835643,0.06829260176261485
sweep,35.0,2.5,600,True,,3.911001660332667,3.4863969460580684,0.0996113413159448,0.22212629853901752,1,True,17.46947569546983,0.18603358601096168,0,0.05394236456731211,1.3001587630527605,0.2758721575785583,0.1145492477883602,0.3077901386731462,0.057012802128296486
sweep,35.0,2.6,600,True,,4.191529051872577,3.766924337597979,0.10762640964565653,0.21771791140588032,1,True,17.55560959018499,0.20856596823356818,0,0.054361914542441526,0.728636560331459,0.12649585600747484,0.09682396715319777,0.27557693070203837,0.04833054635821384
sweep,35.0,2.7,600,True,,4.475591502025647,4.050986787751048,0.11574247965002996,0.21325397209717376,1,True,17.670344532441696,0.20774570907726742,0,0.054825080465537204,0.6963158654477052,0.12195685094794904,0.08259545993584962,0.24872331034809575,0.04151090025710125
sweep,35.0,2.8,600,True,,4.763326118322121,4.338721404047522,0.12396346868707206,0.2087323260173778,1,True,17.80781356917621,0.18326916162094348,0,0.05533560930017281,0.4230337539445311,0.07436591350604588,0.07102012528715873,0.22604581308715785,0.03605929691129271
sweep,35.0,2.9,600,True,,5.054879107213171,4.630274392938572,0.1322935540839592,0.204150675584583,1,True,17.9738728381139,0.13719008093601048,0,0.05583434444787077,0.43949812195508847,0.07381081095777539,0.06149214426920579,0.20667660073429056,0.031633715267408845
sweep,35.0,3.0,600,True,,5.350406642585744,4.925801928311145,0.140737197951747,0.1995065665823442,1,True,18.15953191085447,0.07250628115841319,0,0.05644537868197776,0.9375327829914817,0.09248125870501625,0.05356766621546145,0.18996656189285324,0.027991912225523607
sweep,35.0,3.1,600,True,,5.65007584384227,5.225471129567671,0.1492991751305049,0.19479737278932077,1,True,18.357580350194652,-0.007418346405262508,0,0.057009215386038314,0.34563069146948927,0.07141502066808467,0.046915706626202695,0.17542162518096852,0.024958660400528323
sweep,35.0,3.2,600,True,,5.954065880961435,5.529461166686836,0.15798460476248102,0.19002027861363102,1,True,18.565966091395886,-0.09831812274157453,0,0.05777253626032265,0.8870669495166927,0.08490307333007964,0.04128553196406148,0.16265983631583641,0.02240481139705593
sweep,35.0,3.3,600,True,,6.2625692272907685,5.8379645130161695,0.16679898608617627,0.1851722594059058,1,True,18.78693432597541,-0.2078536909014351,0,0.05839392158694278,1.173725968969624,0.09828202643274654,0.036484504215088163,0.15138177680986123,0.020233569195574713
sweep,35.0,3.4,600,True,,6.5757930849081365,6.1511883706335375,0.17574823916095822,0.1802500590598572,1,True,19.028283187728817,-0.3256404377217016,0,0.058365776268750606,0.7881255346590053,0.09301005033073971,0.03236272583632173,0.14134976670646154,0.01837128240807389
sweep,35.0,3.5,600,True,,6.8939610125979485,6.4693562983233495,0.18483875138066713,0.17525016442955918,1,True,19.27775036777694,-0.44715176103181853,0,0.058255862298882174,0.6039265063929118,0.09048421195509786,0.028802203943521478,0.1323729783292332,0.016761139426901318
sweep,35.0,3.6,600,True,,7.217314792732829,6.79271007845823,0.19407743081309228,0.17016877599199146,1,True,19.536792627256386,-0.5822739711274546,0,0.057804762540711846,0.9278213228196637,0.12411671980863316,0.025709077718630565,0.1242966067033395,0.015358770268745738
sweep,35.0,3.7,600,True,,7.546116581383325,7.121511867108726,0.20347176763167787,0.16500177405864708,1,True,19.807336358514345,-0.7222407179670962,0,0.05717909467151839,1.3569310177528686,0.1734143245225574,0.023007959591531256,0.11699387405906864,0.014129126234534451
sweep,35.0,3.8,600,True,,7.880651396043135,7.456046681768536,0.21302990519338674,0.1597446796821145,1,True,20.090668132545126,-0.8637232145466173,0,0.05640657540171686,1.0755869069896598,0.1792659847148472,0.020637758958015156,0.11036004661890235,0.013044231744112459
sweep,35.0,3.9,600,True,,8.221230008060415,7.796625293785816,0.22276072267959474,0.15439260920229048,1,True,20.38788078153773,-1.0187441673790203,0,0.055641609013487726,1.7127179933282832,0.40522385349646034,0.018548561264964653,0.10430790144910741,0.012081541511933422
sweep,35.0,4.0,600,True,,8.568192323337017,8.143587609062418,0.23267393168749767,0.1489402211201433,1,True,20.698983830207833,-1.170420845709955,0,0.05465171725186819,2.180306569671169,0.5549258892317486,0.016699268647449136,0.09876425248747665,0.011222724357200325
sweep,40.0,1.5,600,False,,1.311630330032633,0.8870256157580345,0.02217564039395086,0.23010267415576469,1,True,16.45071729420429,0.5537762823788952,0,0.055854557442659825,40.69506910420727,209.85285652830896,2.2492311124651163,3.0131280236723903,2.0679202919181834
sweep,40.0,1.6,600,False,,1.5733007772966023,1.1486960630220038,0.028717401575550094,0.2265046242534041,1,True,16.357298589254246,0.6002517876435702,0,0.05610811593940291,31.23266007381178,120.58410139392839,1.3242988683457626,1.913976878246752,1.019956859248806
sweep,40.0,1.7,600,True,,1.8374702657144724,1.4128655514398738,0.035321638785996846,0.22287221175919444,1,True,16.284508405522807,0.6342338933517819,0,0.05640872208781718,22.455953408063866,78.96098487529335,0.8641531002903483,1.3434098903460887,0.5868967247704583
sweep,40.0,1.8,600,True,,2.104211793047532,1.6796070787729334,0.041990176969323334,0.21920443293124306,1,True,16.188116187792186,0.6807414165364042,0,0.056662468221402605,18.15349229291376,48.56717517914138,0.6034976416452806,1.0065023380461389,0.3738327632834872
sweep,40.0,1.9,600,True,,2.3736019816299194,1.9489972673553209,0.04872493168388302,0.21550023418870545,1,True,16.09877507340816,0.7246090441914275,0,0.05697854031983865,14.2705559591677,26.727740683090868,0.4422477433323366,0.7894278783138032,0.25588156439133697
sweep,40.0,2.0,600,True,,2.6457213354395717,2.221116621164973,0.055527915529124325,0.21175850857682743,1,True,16.002914642351453,0.7732894559987225,0,0.05736003594409286,9.914528782486409,16.973747580907133,0.3359206319829823,0.6404594520300089,0.18477432333825633
sweep,40.0,2.1,600,True,,2.9206545211138937,2.496049806839295,0.062401245170982375,0.20797809190303435,1,True,15.896816210134585,0.8230476012395445,0,0.0576890173767873,5.517409129235415,7.433095664513701,0.26233351622610784,0.5332331360935278,0.13905012034192318
sweep,40.0,2.2,600,True,,3.198490675670475,2.7738859613958766,0.06934714903489692,0.20415775850572715,1,True,15.784863731505245,0.8784990675577128,0,0.05804991449658052,5.448293505706838,4.407344112730437,0.20943462292733916,0.45311493517829815,0.10812357645863813
sweep,40.0,2.3,600,True,,3.479323744095604,3.0547190298210056,0.07636797574552515,0.20029621661215774,1,True,15.68182533611914,0.9319323142126381,0,0.0584469992022825,2.7288714149196593,1.9267137749208358,0.17022669272837732,0.3914266633395879,0.08633746126102665
sweep,40.0,2.4,600,True,,3.7632528504499327,3.338648136175334,0.08346620340438335,0.1963921032356843,1,True,15.609622651313087,0.9932673868963514,0,0.05888272382108152,2.173725608124821,0.7976048261960866,0.1404257127186079,0.34274299637335853,0.0704686301439862
sweep,40.0,2.5,600,True,,4.050382706631783,3.6257779923571847,0.09064444980892962,0.1924439785551753,1,True,15.581108025827788,1.0574751868675785,0,0.05935961305923179,1.2242152061935874,0.3723921305851429,0.11729245280449738,0.30352255399471023,0.05858224490165776
sweep,40.0,2.6,600,True,,4.34082406358201,3.916219349307412,0.09790548373268529,0.18845031971087212,1,True,15.6145763190847,1.116873816155051,0,0.05973622606333038,1.0262211190889206,0.22109919070439943,0.09901086154671694,0.2713690182114857,0.049465190203774684
sweep,40.0,2.7,600,True,,4.634694210426057,4.210089496151458,0.10525223740378645,0.18440951394081556,1,True,15.701205465257766,1.1587141559327223,0,0.06030532078876371,0.745521882076307,0.12312082961404983,0.08433944834466695,0.2446107535396041,0.04232834902027631
sweep,40.0,2.8,600,True,,4.932117527971984,4.507512813697385,0.11268782034243463,0.18031985097031777,1,True,15.83114476200626,1.175503400220917,0,0.06078297270278361,0.6273413532028844,0.11224467938213123,0.07240687870514313,0.22205079912849782,0.036641960281603984
sweep,40.0,2.9,600,True,,5.233226103926768,4.808621389652169,0.12021553474130423,0.17617951455237743,1,True,16.00002090826408,1.1644631805737167,0,0.061350258884559375,0.46603641731800094,0.0966166898515397,0.06258748890079464,0.20281245148375018,0.032040518611183566
sweep,40.0,3.0,600,True,,5.538160418496151,5.113555704221552,0.1278388926055388,0.17198657304052195,1,True,16.20859975267226,1.1188408923089797,0,0.06194870278710028,0.788555826461407,0.09025838615552428,0.054422943835697984,0.1862407190812203,0.028265737850984803
sweep,40.0,3.1,600,True,,5.847070110452037,5.422465396177438,0.13556163490443596,0.1677389688551944,1,True,16.4498688077668,1.0466020071745525,0,0.06261350612175533,0.35825098349242307,0.07688204740065036,0.04757150088623604,0.17183761207579523,0.02513120240962051
sweep,40.0,3.2,600,True,,6.160114835513582,5.735510121238983,0.14338775303097456,0.16343450668066656,1,True,16.718249971921235,0.9520205672153499,0,0.06335006727138383,0.6406945232572294,0.08506479847411232,0.041774311754436515,0.1592185679448055,0.022499817663555823
sweep,40.0,3.3,600,True,,6.4774652310300205,6.0528605167554215,0.15132151291888554,0.15907084020040332,1,True,17.012069093322506,0.8383310161077433,0,0.06409763766216839,0.7176616985388403,0.0895119549895173,0.036832533123419636,0.14808244714893784,0.0202690516024158
sweep,40.0,3.4,600,True,,6.799304003499884,6.374699289225285,0.15936748223063213,0.15464545714333908,1,True,17.33787551537407,0.708381735281749,0,0.06414724024190437,0.5298389496839454,0.0885213157797405,0.03259146424185929,0.1381904563455302,0.018361051908991816
sweep,40.0,3.5,600,True,,7.125827158603441,6.701222444328842,0.16753056110822104,0.15015566237050776,1,True,17.700720576436282,0.565839497202033,0,0.0639232398327752,0.9168762686280397,0.10731820841115165,0.028929354071444466,0.12935107466678455,0.0167158901593358
sweep,40.0,3.6,600,True,,7.457245397265709,7.03264068299111,0.17581601707477773,0.14559855867872104,1,True,18.15380022999799,0.40989543184779015,0,0.06344790831164153,0.8209254775443358,0.10741853611187398,0.02574937339728098,0.12140909682642112,0.015286856882904947
sweep,40.0,3.7,600,True,,7.793785705998875,7.369180991724276,0.1842295247931069,0.14097102493300467,1,True,18.630359550440886,0.23949531601495944,0,0.06254057441134407,0.8459311222093321,0.13864477561662975,0.022973770849310137,0.1142375502827207,0.014037129005831825
sweep,40.0,3.8,600,True,,8.13569317559839,7.711088461323792,0.1927772115330948,0.1362696910587898,1,True,19.10197833803202,0.06209282219657,0,0.061391874389835364,1.5837184360250691,0.25664103353430273,0.02053956063329276,0.10773165166118537,0.012937372644393975
sweep,40.0,3.9,600,True,,8.483233089633844,8.058628375359245,0.20146570938398112,0.13149090932463167,1,True,19.56646866040635,-0.12052140280926196,0,0.060135893804382654,1.9785609291184838,0.3269060071493196,0.01839530064834447,0.10180423171924631,0.011963994154606984
sweep,40.0,4.0,600,True,,8.83669333329341,8.41208861901881,0.21030221547547026,0.12663072121977542,1,True,20.02529305909828,-0.3101156665552213,0,0.05860493260701915,2.4689934643362075,0.8093642216414891,0.01649865749162105,0.09638223232383988,0.01109784741943535
sweep,45.0,1.5,600,False,,1.34213958313767,0.9175348688630713,0.020389663752512697,0.20416281106845355,1,True,15.085449145462144,1.2874291480948383,0,0.05377840115606376,40.45342742423473,276.67500431597705,2.2806517268639213,3.01939024947262,2.16822741268663
sweep,45.0,1.6,600,False,,1.6125356431265403,1.1879309288519417,0.026398465085598705,0.2008578957024228,1,True,14.995108874368912,1.3220334015365574,0,0.054708451982530985,37.39628277204443,179.19041123737333,1.342380160092208,1.9128251777768464,1.0647230933487992
sweep,45.0,1.7,600,True,,1.8853809906135677,1.4607762763389691,0.03246169502975487,0.19752304392433162,1,True,14.921146507503137,1.3691380275178142,0,0.05567577960460113,26.967633072961974,121.48858264697124,0.8756512405403152,1.3394327932472654,0.610082775145646
sweep,45.0,1.8,600,True,,2.1607434145346796,1.736138700260081,0.03858086000577958,0.1941574271839323,1,True,14.829313026189263,1.408231943315426,0,0.056673810129733465,18.14075074996225,68.93611508883818,0.6112972953182779,1.0014236078722216,0.3870494912551389
sweep,45.0,1.9,600,True,,2.438693889747086,2.0140891754724874,0.044757537232721946,0.19076017799118325,1,True,14.738327270496455,1.4545399566864134,0,0.057711938404085915,13.908554123012923,37.04463462756688,0.4477787565643785,0.7839833872486481,0.263924699468304
sweep,45.0,2.0,600,True,,2.71930679067214,2.2947020763975416,0.05099337947550093,0.18733038730490958,1,True,14.646422001757127,1.5025232658752394,0,0.058786247480572186,9.926786030681832,24.284433660621684,0.33996879775494626,0.6349871771168915,0.18989925014579384
sweep,45.0,2.1,600,True,,3.002660123713579,2.5780554094389805,0.05729012020975512,0.18386710169188042,1,True,14.54300494398578,1.552201555709001,0,0.05990300378430719,6.8443582055608525,12.536784736498856,0.2653647219562514,0.5278932247755768,0.14242306307527086
sweep,45.0,2.2,600,True,,3.2888357805461257,2.864231066271527,0.06364957925047839,0.18036932023130633,1,True,14.432995607257022,1.6039324456583293,0,0.06106228402423925,5.296405954659479,6.4258690937685214,0.21174164966778514,0.4479821756616677,0.11039283387306711
sweep,45.0,2.3,600,True,,3.5779198145433093,3.1533151002687108,0.07007366889486023,0.17683599113600318,1,True,14.32334238463188,1.662252034515555,0,0.06226653104869123,3.083864416403216,2.5555600846544086,0.17200222426136058,0.38653286892944794,0.08788455932601348
sweep,45.0,2.4,600,True,,3.870002743027871,3.4453980287532726,0.07656440063896161,0.17326600805807177,1,True,14.207333164797946,1.7166197571844615,0,0.06352144350060897,2.265777744113643,1.351014577757952,0.14180140218615608,0.3380977368468504,0.07152866706246773
sweep,45.0,2.5,600,True,,4.165179878365617,3.7405751640910183,0.08312389253535596,0.16965820604236215,1,True,14.105432750061256,1.7783495809559204,0,0.06408516046116373,1.3222430038797057,0.5180988234778484,0.11836109415738803,0.29912380306000996,0.05930567448123547
sweep,45.0,2.6,600,True,,4.463551691284403,4.038946977009804,0.08975437726688452,0.16601135708555553,1,True,14.039328372849429,1.8446684114151728,0,0.06461893571193365,1.037047292612961,0.2505402509319715,0.09983959685249028,0.26720882180068806,0.049951386757040896
sweep,45.0,2.7,600,True,,4.765224210398387,4.340619496123788,0.09645821102497305,0.16232416525310306,1,True,14.046569172984697,1.9127047632689755,0,0.06512406619888993,0.8709782299815213,0.21879846096491964,0.0849779610849793,0.24067832254146082,0.04264472472306057
sweep,45.0,2.8,600,True,,5.070309462411418,4.6457047481368186,0.1032378832919293,0.1585952612988455,1,True,14.127305166506448,1.9726618240157137,0,0.06568427104965276,0.6929158163236572,0.13248656224763222,0.07289265515209659,0.21833421977156378,0.036835299136695684
sweep,45.0,2.9,600,True,,5.378925958179424,4.954321243904825,0.11009602764232945,0.15482319672397427,1,True,14.27672537550159,2.014343617397447,0,0.06630330335597254,0.5025192018485601,0.10843761625889758,0.06294929877751704,0.19929963210089438,0.03214393131652304
sweep,45.0,3.0,600,True,,5.6911992306455605,5.2665945163709615,0.11703543369713248,0.1510064372023717,1,True,14.566766983892302,2.018832891844345,0,0.06693074387540611,0.5218691284390923,0.09489561246276643,0.05468320342733613,0.18291990585440424,0.028303058979879732
sweep,45.0,3.1,600,True,,6.007262431521292,5.582657717246693,0.12405906038325985,0.14714335528749578,1,True,15.140577532012836,1.9867086764953297,0,0.06768779606500279,0.6645716265209917,0.09981149959728061,0.047747914454802094,0.16869765794812347,0.025119844228468913
sweep,45.0,3.2,600,True,,6.327256994796619,5.90265228052202,0.1311700506782671,0.14323222230264293,1,True,15.705053191754155,1.914738100727142,0,0.06838595371600556,1.0477790871785657,0.1322048118078179,0.04188103500785731,0.15624905921836896,0.02245266557945525
sweep,45.0,3.3,600,True,,6.65133337644404,6.226728662169441,0.1383717480482098,0.13927119929989742,1,True,16.259920194379106,1.8150693176411032,0,0.06928156168445716,0.8181070699941404,0.11428997044025488,0.036881013029660334,0.14527374823594336,0.02019574919996963
sweep,45.0,3.4,600,True,,6.979651881305275,6.555047167030676,0.14566771482290392,0.13525832695366516,1,True,16.80401779691357,1.6852850142455402,0,0.06940490894433214,0.4835777718976101,0.09952592894926066,0.03259105527005769,0.1355337081796012,0.018268888301199188
sweep,45.0,3.5,600,True,,7.312383590024671,6.887778875750072,0.15306175279444606,0.13119151423107733,1,True,17.33771237853414,1.532066313281769,0,0.06888004021791408,0.5982616793479599,0.10464971552260693,0.02888777722989131,0.12683816783370877,0.01661042293165388
sweep,45.0,3.6,600,True,,7.64971140127215,7.225106686997551,0.16055792637772334,0.12706852565346088,1,True,17.860991846212563,1.3606003208247812,0,0.06792726090381267,0.7904564822420719,0.12964904409994454,0.025673062962903094,0.11903263197169886,0.015172355998146177
sweep,45.0,3.7,600,True,,7.991831207263692,7.567226492989093,0.16816058873309095,0.12288696692855128,1,True,18.373692660733283,1.1729572914194333,0,0.0667535150180135,1.473339451091832,0.27456895514172175,0.022868139718908855,0.11199079327832238,0.01391689745234688
sweep,45.0,3.8,600,True,,8.338953224027781,7.914348509753182,0.1758744113278485,0.11864426869127968,1,True,18.87783205142023,0.9711520890503728,0,0.06555253783447958,1.208770963030157,0.2640354492786029,0.020409205964578236,0.10560848795911593,0.012813980945974817
sweep,45.0,3.9,600,True,,8.691303502079231,8.266698787804632,0.1837044175067696,0.11433766803963728,1,True,19.371775536164105,0.7568041058481153,0,0.06368282333830129,1.9653476229029303,0.4371526440466342,0.018244165215253676,0.09979912246915404,0.011839453854432993
sweep,45.0,4.0,600,True,,9.049125648323715,8.624520934049116,0.191656020756647,0.1099641874887136,1,True,19.853117634309804,0.531117113796402,0,0.06164734622641409,3.2728188482807705,1.1573966280991461,0.016330157899911543,0.09449017371561197,0.010973740788701992
sweep,50.0,1.5,600,False,,1.3680355499983032,0.9434308357237047,0.018868616714474092,0.18346166789327636,1,True,13.91875821813282,1.9236595356642303,0,0.051921027980627484,37.26665954153332,321.11148793864425,2.29164331825029,3.0102601330546856,2.2299516363440097
sweep,50.0,1.6,600,False,,1.6457976408061223,1.2211929265315238,0.024423858530630477,0.18040621589506753,1,True,13.83382926817496,1.964832843982074,0,0.05296681971099981,39.68046067264165,264.77882660676596,1.3486117569297815,1.9036752412083942,1.0918232405812025
sweep,50.0,1.7,600,True,,1.9259475520394367,1.5013428377648381,0.030026856755296764,0.1773244972790016,1,True,13.757427723586417,2.003051686354963,0,0.05404302731646525,31.233231161370952,154.90725864588148,0.8795446335439505,1.3309506965257347,0.623858911961092
sweep,50.0,1.8,600,True,,2.208547945100589,1.7839432308259906,0.03567886461651981,0.1742158227540991,1,True,13.663737536505904,2.050427077417631,0,0.05515607894102059,21.562693936955718,82.67350669661172,0.6138834688294867,0.9937116044244099,0.39473385667016014
sweep,50.0,1.9,600,True,,2.493664270914484,2.0690595566398855,0.04138119113279771,0.17107947234396373,1,True,13.583007296155415,2.090542413607492,0,0.05630381231082553,19.411681644893335,55.3453998479136,0.4495672137290726,0.7769957932620192,0.2684830633687511
sweep,50.0,2.0,600,True,,2.781364946936151,2.3567602326615527,0.04713520465323105,0.16791469343955812,1,True,13.485309488695346,2.1415832435006905,0,0.05748955216581909,11.897408120798108,30.82240702773097,0.34123869251101024,0.6286448865365427,0.19271588131783188
sweep,50.0,2.1,600,True,,3.071721548880759,2.6471168346061607,0.05294233669212321,0.16472069869021935,1,True,13.386330813017482,2.186548456087921,0,0.05871704213307017,9.8937632689161,16.379922539931627,0.2662810497126563,0.5221166339529939,0.14420805685706653
sweep,50.0,2.2,600,True,,3.364809018679574,2.9402043044049755,0.05880408608809951,0.16149666371610252,1,True,13.288675220503203,2.2394477578715364,0,0.05998645645996865,5.6620743436871805,8.332535945310958,0.212407774319596,0.4427002470305607,0.11153760506501154
sweep,50.0,2.3,600,True,,3.660705890375706,3.2361011761011076,0.06472202352202215,0.15824172462323005,1,True,13.182210678501315,2.293087704959824,0,0.0612993602416689,4.467915670308988,3.635342695121126,0.17248595527673807,0.3816847081949769,0.08861739386980269
sweep,50.0,2.4,600,True,,3.959494535895162,3.5348898216205633,0.07069779643241127,0.15495497529994484,1,True,13.069511025063271,2.3474423273124265,0,0.06266064655633499,3.232256346021629,1.9676841767537225,0.14214892307140214,0.3336318532067233,0.07198889115977711
sweep,50.0,2.5,600,True,,4.2612614328731295,3.836656718598531,0.07673313437197062,0.1516354644707936,1,True,12.951493287038799,2.4096552277448997,0,0.0640722355292564,1.9792188505344908,0.9311961732396196,0.11860485285139782,0.2949967803556658,0.059581538453052904
sweep,50.0,2.6,600,True,,4.566097456994006,4.141492742719407,0.08282985485438815,0.14828219248066382,1,True,12.830335682304137,2.4716656713156886,0,0.06553527102588812,1.0899533883651518,0.3691503617042583,0.10000299727314246,0.26338397884582593,0.05010053787373673
sweep,50.0,2.7,600,True,,4.8740982016560395,4.4494934873814405,0.0889898697476288,0.14489410777839856,1,True,12.737504786962987,2.535646270416964,0,0.06705263353721655,0.6808246157269421,0.23883179283604053,0.08507826817002656,0.2371245376872899,0.042705804196531895
sweep,50.0,2.8,600,True,,5.18536432815238,4.760759613877781,0.09521519227755562,0.1414701030648448,1,True,13.211933959879222,2.6044714371380606,0,0.0686283746576175,0.7654071009255496,0.1769611950702081,0.07294285684877512,0.21502495209689587,0.03683477859057664
sweep,50.0,2.9,600,True,,5.500001949969514,5.075397235694915,0.10150794471389829,0.13800901106522906,1,True,13.816427617729238,2.676255436889831,0,0.0702655628021703,0.6322549663787743,0.11851281939882087,0.06295933553021076,0.19621212377440989,0.032100283126170755
sweep,50.0,3.0,600,True,,5.81812305542096,5.393518341146361,0.10787036682292722,0.1345095998802923,1,True,14.41026561683222,2.7371135305649092,0,0.0714576845675817,0.4925999498729645,0.1040799914033613,0.054660801349200185,0.18003453740559053,0.028229376751912817
sweep,50.0,3.1,600,True,,6.139845973334102,5.715241259059503,0.11430482518119006,0.13097056786352096,1,True,14.993760303419952,2.7671060974893638,0,0.07216121574624142,0.37049748128438464,0.09161402786123043,0.04769916298002355,0.1659974279204752,0.02502553261604256
sweep,50.0,3.2,600,True,,6.465295887315463,6.040691173040864,0.12081382346081729,0.12739053796418337,1,True,15.567233543039206,2.7501065889757728,0,0.07296519858236887,0.9396874991029207,0.10874252722999983,0.04181079561222105,0.15371916339939126,0.02234455510037437
sweep,50.0,3.3,600,True,,6.794605404906784,6.370000690632185,0.1274000138126437,0.12376805146638092,1,True,16.131376657477894,2.685511924569649,0,0.07370685817872487,0.6821240642083406,0.09937178159904016,0.03679321375466931,0.14290123814263317,0.02007884673401377
sweep,50.0,3.4,600,True,,7.1279151889903805,6.7033104747157815,0.13406620949431564,0.1201015610434448,1,True,16.68617770435335,2.5783900991915742,0,0.07359915186020827,0.48499897025153677,0.09798101105019319,0.03248890650831741,0.13330721259723996,0.018146891513590203
sweep,50.0,3.5,600,True,,7.465374659967329,7.04076994569273,0.1408153989138546,0.11638942303386741,1,True,17.231544675326575,2.433093997625746,0,0.07311967743005965,0.9257305499307323,0.11485079212376807,0.02877393225182763,0.12474766464821528,0.01648607862029122
sweep,50.0,3.6,600,True,,7.807142778636328,7.382538064361729,0.14765076128723456,0.11262988882935013,1,True,17.76580314696527,2.2593070862309292,0,0.07230821933914526,1.278016977652163,0.16920776304501234,0.025549739052782187,0.11706926029082206,0.015047713372065003
sweep,50.0,3.7,600,True,,8.153388921431697,7.728784207157098,0.15457568414314196,0.10882109524701304,1,True,18.289418991120794,2.0625239108666187,0,0.07121677333151477,1.0994826962199913,0.17379024899765438,0.02273721083553325,0.11014669800563132,0.013793489515725194
sweep,50.0,3.8,600,True,,8.50429386169141,8.079689147416811,0.16159378294833623,0.10496105373533667,1,True,18.803183229366148,1.8372221197766725,0,0.06896107004358301,1.0854499285209125,0.2584828000754295,0.02027227456626832,0.10387669067191635,0.012692955955570283
sweep,50.0,3.9,600,True,,8.860050873044726,8.435446158770127,0.16870892317540254,0.10104763823625647,1,True,19.306316162424352,1.5929479126911463,0,0.06657490620467675,1.8993953090022366,0.4560856720860405,0.018102618684143583,0.09817341376190881,0.011721671638326008
sweep,50.0,4.0,600,True,,9.220866974135232,8.796262259860633,0.17592524519721267,0.09707857149336546,1,True,19.796766063641115,1.3317434516617375,0,0.06435904845574944,2.859579153853788,0.9458272020333891,0.016185213485666962,0.09296502319380943,0.010859844032083633
sweep,60.0,1.5,600,False,,1.4096100914377534,0.9850053771631548,0.016416756286052582,0.15250361467485923,1,True,12.030150557229938,2.9860686606649756,0,0.056603580803722055,68.40054348649169,901.8827850270847,2.2862993422374385,2.9747605990991106,2.291221791928571
sweep,60.0,1.6,600,False,,1.6991157626633324,1.2745110483887339,0.021241850806478897,0.14984975275814288,1,True,11.953149537556408,3.0254313872458054,0,0.05681442030430294,16.53753805529457,93.76885419225401,1.3452789889754728,1.8772970575151866,1.1178521642007737
sweep,60.0,1.7,600,True,,1.9908717303489927,1.5662670160743941,0.02610445026790657,0.14717526265805664,1,True,11.87439560433644,3.0651813979228923,0,0.05721578248125996,18.520766722667762,96.20724420477667,0.8772322258584818,1.310101795378884,0.6365715850625948
sweep,60.0,1.8,600,True,,2.2849312987228574,1.8603265844482588,0.031005443074137648,0.14447965574146293,1,True,11.796825559230298,3.105984771787199,0,0.05762649541335528,27.747341777072613,106.77745718474243,0.6121606061411331,0.9765680603596725,0.40148066014110534
sweep,60.0,1.9,600,True,,2.581349910268061,2.1567451959934623,0.0359457532665577,0.14176242377412038,1,True,11.70872945144991,3.1516857952277597,0,0.058073069214946156,20.713559561113914,73.61995864703749,0.4482164611673581,0.762507380082284,0.27223756658375536
sweep,60.0,2.0,600,True,,2.8801852677678386,2.45558055349324,0.04092634255822067,0.13902303780189829,1,True,11.621827185742886,3.193532296124709,0,0.05848557120423555,14.028956146153487,42.62672364991026,0.34013838588083106,0.6161525400267822,0.19484585737121396
sweep,60.0,2.1,600,True,,3.1814974654569395,2.756892751182341,0.04594821251970568,0.13626094694852728,1,True,11.533676154567166,3.2414396423226917,0,0.0589389252536304,9.74520474200529,22.91926890454201,0.26535775161380415,0.5111800081022825,0.14540412001175926
sweep,60.0,2.2,600,True,,3.4853491301285904,3.060744415853992,0.05101240693089986,0.13347557712215893,1,True,11.438050933638847,3.291192189564863,0,0.059531336884847436,5.733484763452314,12.282214619015905,0.2116145049089519,0.4330107495354299,0.11217392376730419
sweep,60.0,2.3,600,True,,3.7918055731076463,3.3672008588330478,0.05612001431388413,0.1306663296220664,1,True,11.33623634325231,3.33981435804559,0,0.060433240781112674,4.827496642905732,5.863146222954966,0.1717912465687161,0.37301780472604823,0.0889081115814729
sweep,60.0,2.4,600,True,,4.100934954191566,3.6763302399169677,0.061272170665282795,0.12783257963604297,1,True,11.230483979981411,3.392713770209106,0,0.0617651547892626,2.8996484710284256,2.9768504921735435,0.14153089774711822,0.32581914376282023,0.07206201016677193
sweep,60.0,2.5,600,True,,4.412808458650576,3.9882037443759777,0.0664700624062663,0.12497367461764174,1,True,11.194693112781467,3.449344949271421,0,0.06338530956485007,2.1831222947155884,1.4833978714078222,0.11804782705630057,0.28790877313053226,0.05951628630803532
sweep,60.0,2.6,600,True,,4.727500488671771,4.302895774397172,0.07171492957328619,0.12208893253150813,1,True,11.836000204362097,3.5086482426163847,0,0.06505567575578196,1.8603465687720926,0.7423426230288757,0.09949543484547155,0.25691899757218495,0.049947351245140846
sweep,60.0,2.7,600,True,,5.0450888706079215,4.6204841563333225,0.07700806927222205,0.11917763995321728,1,True,12.4680158615823,3.5677459643404275,0,0.06677862862047425,0.9842221764648853,0.386441206740381,0.08461149774753646,0.23120131796681484,0.042497525010398975
sweep,60.0,2.8,600,True,,5.36565507977731,4.941050365502711,0.08235083942504519,0.11623905000886665,1,True,13.09047077951189,3.630472824678752,0,0.06855660933632779,1.0762560576958355,0.3637550524965866,0.07251023916584383,0.20957754744006685,0.036593177793704676
sweep,60.0,2.9,600,True,,5.689284484553896,5.264679770279297,0.08774466283798829,0.11327238013734074,1,True,13.702678088616802,3.696755602962615,0,0.07039111405534149,0.708833446549811,0.15433348802912614,0.06255570668306762,0.19118630812358817,0.031839991413566957
sweep,60.0,3.0,600,True,,6.016066611886341,5.591461897611742,0.09319103162686236,0.11027680965639897,1,True,14.309806961106085,3.7667844630911955,0,0.07228559990563757,0.6191111054834948,0.1461129324005036,0.05428209088054177,0.1753852063065868,0.027960322244560555
sweep,60.0,3.1,600,True,,6.346095436558247,5.921490722283648,0.0986915120380608,0.10725147711107404,1,True,14.90553710786307,3.8407845536327003,0,0.07424273241317024,0.46964503644506106,0.128636396727624,0.04734212593201069,0.16168668351065416,0.024754490926946444
sweep,60.0,3.2,600,True,,6.679469696843086,6.2548649825684866,0.10424774970947477,0.10419547738011477,1,True,15.488939398573512,3.9176184447843547,0,0.07621695628546979,0.4784783870625431,0.10758230500696304,0.041472820793370446,0.14971487836566025,0.022076156751304404
sweep,60.0,3.3,600,True,,7.016293239548279,6.59168852527368,0.109861475421228,0.10110785851290896,1,True,16.062278301009524,3.987659056064363,0,0.0756788244152723,0.4041439446819448,0.1030582783065531,0.036472184138489745,0.13917596198633794,0.019816244543508207
sweep,60.0,3.4,600,True,,7.356675397900032,6.932070683625433,0.11553451139375721,0.09798761826562348,1,True,16.62553194227912,4.016163533087823,0,0.07378031950409016,0.5893748012277892,0.10766357237226544,0.03218309602554135,0.1298373269782557,0.017892210219291445
sweep,60.0,3.5,600,True,,7.7007314061160095,7.2761266918414105,0.12126877819735685,0.09483370030073816,1,True,17.17900797166522,3.9675615035541694,0,0.07219445062764059,0.9159233015537745,0.1296303336015099,0.02848192846919664,0.12151272293125995,0.016240722302982277
sweep,60.0,3.6,600,True,,8.048582855161108,7.623978140886509,0.12706630234810848,0.09164499000919815,1,True,17.722707502179194,3.844120551053085,0,0.07077410634623214,0.8668230195529912,0.14927581644925994,0.025270384579310308,0.11405146533530137,0.014812578403211367
sweep,60.0,3.7,600,True,,8.40035819479534,7.975753480520741,0.13292922467534568,0.08842030990833548,1,True,18.256585054202333,3.6539958649858097,0,0.06959287451970785,1.2724315363159036,0.2311119320264138,0.02246955849842347,0.1073304851100206,0.013569113754690474
sweep,60.0,3.8,600,True,,8.756193287749417,8.331588573474818,0.13885980955791363,0.08515841456161274,1,True,18.776742562767875,3.4094421783211875,0,0.06851019393538879,1.7266045190722445,0.3587209046280047,0.020015552869757116,0.10124839149979668,0.012479624329199409
sweep,60.0,3.9,600,True,,9.116232022873112,8.691627308598513,0.14486045514330853,0.08185798495815201,1,True,19.286447943225596,3.112445916870488,0,0.06748185742835874,2.535004816573818,0.6559185842697799,0.017856205059942294,0.09572098335824862,0.011519491505708511
sweep,60.0,4.0,600,True,,9.480626995039392,9.056022280764793,0.15093370467941322,0.07851762228000696,1,True,19.786168238182746,2.7610559019468766,0,0.06647580471232442,1.2474520175430328,0.3265492701260838,0.015948613545691267,0.09067781668544414,0.010668799386850713
min_theta,30.0,2.2,1200,True,,2.9551762602186975,2.530571545944099,0.0843523848648033,0.276671209694494,1,True,19.563043449800926,-0.9728858133580058,0,0.04248675837120127,3.34280897687951,1.109323420299806,0.1912858341936073,0.45716493797698937,0.0956942875190936
max_margin+baseline,30.0,2.5,1200,True,,3.73854097767302,3.3139362633984213,0.1104645421132807,0.2623091988796785,1,True,19.72727181673984,-0.8986756913353404,0,0.04264363752159389,1.015590852203341,0.12574440521083566,0.10821650224182366,0.3107156706968543,0.05378728026699536
min_theta,35.0,2.3,1200,True,,3.360044558794598,2.9354398445199994,0.08386970984342855,0.23078439136908918,1,True,17.41001224587576,0.08527000029304357,0,0.04261726684468515,2.737318146905948,0.915764203042506,0.16585351888218028,0.3956111774115442,0.08329700281414228
max_margin,35.0,2.6,1200,True,,4.191529051872577,3.766924337597979,0.10762640964565653,0.21771791140588032,1,True,17.558752612825103,0.20526284898322106,0,0.04230534486975445,0.7285706854525532,0.08968821224276687,0.09682396715319777,0.27557693070203837,0.04833054635821384
baseline,35.0,2.5,1200,True,,3.911001660332667,3.4863969460580684,0.0996113413159448,0.22212629853901752,1,True,17.472622830525705,0.18289567635750503,0,0.0425079041191269,1.1822751222428007,0.2004726317630429,0.1145492477883602,0.3077901386731462,0.057012802128296486
min_theta+baseline+robust_min_theta,40.0,2.5,1200,True,,4.050382706631783,3.6257779923571847,0.09064444980892962,0.1924439785551753,1,True,15.585150265202392,1.0531067552934152,0,0.0426481048810448,1.2312366386970846,0.16763328284876716,0.11729245280449738,0.30352255399471023,0.05858224490165776
max_margin,40.0,2.8,1200,True,,4.932117527971984,4.507512813697385,0.11268782034243463,0.18031985097031777,1,True,15.834116756227008,1.1729375480424182,0,0.04160136090809544,0.4165973462349768,0.07511070971817262,0.07240687870514313,0.22205079912849782,0.036641960281603984
min_theta+robust_min_theta,45.0,2.6,1200,True,,4.463551691284403,4.038946977009804,0.08975437726688452,0.16601135708555553,1,True,14.043909314547708,1.840886110152419,0,0.0422972756136521,0.8404665035526048,0.13931436827876192,0.09983959685249028,0.26720882180068806,0.049951386757040896
max_margin,45.0,3.0,1200,True,,5.6911992306455605,5.2665945163709615,0.11703543369713248,0.1510064372023717,1,True,14.563126559794654,2.018171822181547,0,0.04047626429412236,0.5222786465375782,0.09245499268144042,0.05468320342733613,0.18291990585440424,0.028303058979879732
baseline,45.0,2.5,1200,True,,4.165179878365617,3.7405751640910183,0.08312389253535596,0.16965820604236215,1,True,14.105729195614192,1.7768643708656862,0,0.042809352170178706,1.3875420256683817,0.2701132397920492,0.11836109415738803,0.29912380306000996,0.05930567448123547
min_theta+robust_min_theta,50.0,2.7,1200,True,,4.8740982016560395,4.4494934873814405,0.0889898697476288,0.14489410777839856,1,True,12.737886205338857,2.5350430316979784,0,0.043982884979956866,0.6683536682947813,0.10575550164780104,0.08507826817002656,0.2371245376872899,0.042705804196531895
max_margin,50.0,3.1,1200,True,,6.139845973334102,5.715241259059503,0.11430482518119006,0.13097056786352096,1,True,14.990080882680697,2.7666168129674173,0,0.03966487050250901,0.3969257342410885,0.08778251796397518,0.04769916298002355,0.1659974279204752,0.02502553261604256
baseline,50.0,2.5,1200,True,,4.2612614328731295,3.836656718598531,0.07673313437197062,0.1516354644707936,1,True,12.952305919294766,2.4074372307396215,0,0.050302735386939794,1.5757979422089228,0.3384761201228235,0.11860485285139782,0.2949967803556658,0.059581538453052904
min_theta+baseline+robust_min_theta,60.0,2.5,1200,True,,4.412808458650576,3.9882037443759777,0.0664700624062663,0.12497367461764174,1,True,11.192807472089047,3.448191987073311,0,0.06153448370240319,1.3520020485588622,0.4297363117776163,0.11804782705630057,0.28790877313053226,0.05951628630803532
max_margin,60.0,3.4,1200,True,,7.356675397900032,6.932070683625433,0.11553451139375721,0.09798761826562348,1,True,16.625792018086905,4.015833020660839,0,0.038910851534430975,0.7248011136963375,0.10519832761623868,0.03218309602554135,0.1298373269782557,0.017892210219291445
baseline,30.0,2.5,2400,True,,3.73854097767302,3.3139362633984213,0.1104645421132807,0.2623091988796785,1,True,19.72980943700872,-0.9028978053965981,0,0.023137375730654365,1.3739280762893014,0.21538411811343444,0.10821650224182366,0.3107156706968543,0.05378728026699536
baseline,35.0,2.5,2400,True,,3.911001660332667,3.4863969460580684,0.0996113413159448,0.22212629853901752,1,True,17.473693851997623,0.1832420121402436,0,0.026836063246511856,1.1662078421783995,0.19790269266699878,0.1145492477883602,0.3077901386731462,0.057012802128296486
baseline+robust_min_theta,40.0,2.5,2400,True,,4.050382706631783,3.6257779923571847,0.09064444980892962,0.1924439785551753,1,True,15.586668599706602,1.0520814713557087,0,0.033216595819694335,1.0853986372717277,0.17766249094167655,0.11729245280449738,0.30352255399471023,0.05858224490165776
baseline,45.0,2.5,2400,True,,4.165179878365617,3.7405751640910183,0.08312389253535596,0.16965820604236215,1,True,14.108364246075544,1.7766031016928039,0,0.04120777156955251,1.2163698969813892,0.22098558297774337,0.11836109415738803,0.29912380306000996,0.05930567448123547
robust_min_theta,45.0,2.6,2400,True,,4.463551691284403,4.038946977009804,0.08975437726688452,0.16601135708555553,1,True,14.045315028586188,1.840885934798427,0,0.03877678358684168,1.0149665256322724,0.2159843789996597,0.09983959685249028,0.26720882180068806,0.049951386757040896
baseline,50.0,2.5,2400,True,,4.2612614328731295,3.836656718598531,0.07673313437197062,0.1516354644707936,1,True,12.953065057940513,2.406813596934873,0,0.05092951007330006,1.038963997554431,0.1879889083771451,0.11860485285139782,0.2949967803556658,0.059581538453052904
robust_min_theta,50.0,2.7,2400,True,,4.8740982016560395,4.4494934873814405,0.0889898697476288,0.14489410777839856,1,True,12.738781385901534,2.5344302940701047,0,0.04441592604174362,0.9171832987680831,0.14519014044601042,0.08507826817002656,0.2371245376872899,0.042705804196531895
baseline+robust_min_theta,60.0,2.5,2400,True,,4.412808458650576,3.9882037443759777,0.0664700624062663,0.12497367461764174,1,True,11.194435781619243,3.44793527358354,0,0.06181893254681621,0.8012926077178502,0.1945448619712191,0.11804782705630057,0.28790877313053226,0.05951628630803532
