x_over_L,P_over_Pt,Mach,ro,u,P
1.98412710e-03,2.18394652e-01,1.64999998e+00,4.00720894e-01,4.55772369e+02,2.18394648e+04
1.98412710e-03,2.18394622e-01,1.65000093e+00,4.00720984e-01,4.55772522e+02,2.18394629e+04
1.98412710e-03,2.18394801e-01,1.64999962e+00,4.00721163e-01,4.55772278e+02,2.18394805e+04
5.95238106e-03,2.18394622e-01,1.65000010e+00,4.00720865e-01,4.55772400e+02,2.18394629e+04
5.95238106e-03,2.18394712e-01,1.65000045e+00,4.00721073e-01,4.55772430e+02,2.18394707e+04
5.95238106e-03,2.18394741e-01,1.65000033e+00,4.00721133e-01,4.55772400e+02,2.18394746e+04
9.92063526e-03,2.18394652e-01,1.64999998e+00,4.00720894e-01,4.55772369e+02,2.18394648e+04
9.92063526e-03,2.18394712e-01,1.65000093e+00,4.00721192e-01,4.55772461e+02,2.18394707e+04
9.92063526e-03,2.18394727e-01,1.65000045e+00,4.00721073e-01,4.55772430e+02,2.18394727e+04
1.38888890e-02,2.18394727e-01,1.65000045e+00,4.00721073e-01,4.55772430e+02,2.18394727e+04
1.38888890e-02,2.18394801e-01,1.65000010e+00,4.00721222e-01,4.55772339e+02,2.18394805e+04
1.38888890e-02,2.18394667e-01,1.65000033e+00,4.00720954e-01,4.55772400e+02,2.18394668e+04
1.78571437e-02,2.18394741e-01,1.64999986e+00,4.00721073e-01,4.55772339e+02,2.18394746e+04
1.78571437e-02,2.18394741e-01,1.65000045e+00,4.00721192e-01,4.55772400e+02,2.18394746e+04
1.78571437e-02,2.18394727e-01,1.65000010e+00,4.00721014e-01,4.55772400e+02,2.18394727e+04
2.18253974e-02,2.18394741e-01,1.65000021e+00,4.00721103e-01,4.55772369e+02,2.18394746e+04
2.18253974e-02,2.18394786e-01,1.65000021e+00,4.00721163e-01,4.55772369e+02,2.18394785e+04
2.18253974e-02,2.18394652e-01,1.65000033e+00,4.00720894e-01,4.55772461e+02,2.18394648e+04
2.57936511e-02,2.18394727e-01,1.65000010e+00,4.00721014e-01,4.55772400e+02,2.18394727e+04
2.57936511e-02,2.18394727e-01,1.65000033e+00,4.00721103e-01,4.55772400e+02,2.18394727e+04
2.57936511e-02,2.18394592e-01,1.65000093e+00,4.00720894e-01,4.55772522e+02,2.18394590e+04
2.97619049e-02,2.18394682e-01,1.65000021e+00,4.00720924e-01,4.55772430e+02,2.18394688e+04
2.97619049e-02,2.18394727e-01,1.65000057e+00,4.00721133e-01,4.55772430e+02,2.18394727e+04
2.97619049e-02,2.18394786e-01,1.64999986e+00,4.00721133e-01,4.55772339e+02,2.18394785e+04
3.37301604e-02,2.18394667e-01,1.65000069e+00,4.00721073e-01,4.55772461e+02,2.18394668e+04
3.37301604e-02,2.18394727e-01,1.65000033e+00,4.00721103e-01,4.55772400e+02,2.18394727e+04
3.37301604e-02,2.18394622e-01,1.65000045e+00,4.00720924e-01,4.55772430e+02,2.18394629e+04
3.76984142e-02,2.18394682e-01,1.65000057e+00,4.00721014e-01,4.55772491e+02,2.18394688e+04
3.76984142e-02,2.18394652e-01,1.65000081e+00,4.00721073e-01,4.55772430e+02,2.18394648e+04
3.76984142e-02,2.18394667e-01,1.65000033e+00,4.00720894e-01,4.55772461e+02,2.18394668e+04
4.16666679e-02,2.18394712e-01,1.65000057e+00,4.00721103e-01,4.55772430e+02,2.18394707e+04
4.16666679e-02,2.18394727e-01,1.65000021e+00,4.00721014e-01,4.55772430e+02,2.18394727e+04
4.16666679e-02,2.18394592e-01,1.65000105e+00,4.00720984e-01,4.55772522e+02,2.18394590e+04
4.56349216e-02,2.18394652e-01,1.65000069e+00,4.00720984e-01,4.55772461e+02,2.18394648e+04
4.56349216e-02,2.18394741e-01,1.64999974e+00,4.00720924e-01,4.55772339e+02,2.18394746e+04
4.56349216e-02,2.18394727e-01,1.65000021e+00,4.00721133e-01,4.55772339e+02,2.18394727e+04
4.96031791e-02,2.18394667e-01,1.65000057e+00,4.00721043e-01,4.55772430e+02,2.18394668e+04
4.96031791e-02,2.18394652e-01,1.65000057e+00,4.00720954e-01,4.55772461e+02,2.18394648e+04
4.96031791e-02,2.18394727e-01,1.65000045e+00,4.00721073e-01,4.55772430e+02,2.18394727e+04
5.35714328e-02,2.18394682e-01,1.65000045e+00,4.00721043e-01,4.55772430e+02,2.18394688e+04
5.35714328e-02,2.18394741e-01,1.64999986e+00,4.00720984e-01,4.55772339e+02,2.18394746e+04
5.35714328e-02,2.18394622e-01,1.65000081e+00,4.00721014e-01,4.55772491e+02,2.18394629e+04
5.75396866e-02,2.18394741e-01,1.64999974e+00,4.00721043e-01,4.55772308e+02,2.18394746e+04
5.75396866e-02,2.18394652e-01,1.65000057e+00,4.00720954e-01,4.55772461e+02,2.18394648e+04
5.75396866e-02,2.18394682e-01,1.65000033e+00,4.00721073e-01,4.55772369e+02,2.18394688e+04
6.15079403e-02,2.18394682e-01,1.65000057e+00,4.00721073e-01,4.55772430e+02,2.18394688e+04
6.15079403e-02,2.18394667e-01,1.65000033e+00,4.00720924e-01,4.55772461e+02,2.18394668e+04
6.15079403e-02,2.18394741e-01,1.65000010e+00,4.00721133e-01,4.55772339e+02,2.18394746e+04
6.54761866e-02,2.18394741e-01,1.65000033e+00,4.00721103e-01,4.55772400e+02,2.18394746e+04
6.54761866e-02,2.18394592e-01,1.65000081e+00,4.00720835e-01,4.55772552e+02,2.18394590e+04
6.54761866e-02,2.18394667e-01,1.65000021e+00,4.00720984e-01,4.55772369e+02,2.18394668e+04
6.94444478e-02,2.18394741e-01,1.65000033e+00,4.00721163e-01,4.55772369e+02,2.18394746e+04
6.94444478e-02,2.18394578e-01,1.65000129e+00,4.00720894e-01,4.55772614e+02,2.18394570e+04
6.94444478e-02,2.18394682e-01,1.65000010e+00,4.00720954e-01,4.55772400e+02,2.18394688e+04
7.34126940e-02,2.18394831e-01,1.64999974e+00,4.00721192e-01,4.55772308e+02,2.18394824e+04
7.34126940e-02,2.18394667e-01,1.65000069e+00,4.00720924e-01,4.55772552e+02,2.18394668e+04
7.34126940e-02,2.18394667e-01,1.65000057e+00,4.00721043e-01,4.55772430e+02,2.18394668e+04
7.73809552e-02,2.18394831e-01,1.64999986e+00,4.00721133e-01,4.55772339e+02,2.18394824e+04
7.73809552e-02,2.18394667e-01,1.65000057e+00,4.00721014e-01,4.55772491e+02,2.18394668e+04
7.73809552e-02,2.18394831e-01,1.64999998e+00,4.00721252e-01,4.55772308e+02,2.18394824e+04
8.13492090e-02,2.18394905e-01,1.64999986e+00,4.00721312e-01,4.55772339e+02,2.18394902e+04
8.13492090e-02,2.18394682e-01,1.65000057e+00,4.00721014e-01,4.55772491e+02,2.18394688e+04
8.13492090e-02,2.18394786e-01,1.65000010e+00,4.00721133e-01,4.55772400e+02,2.18394785e+04
8.53174627e-02,2.18394905e-01,1.64999962e+00,4.00721312e-01,4.55772278e+02,2.18394902e+04
8.53174627e-02,2.18394741e-01,1.65000045e+00,4.00721133e-01,4.55772430e+02,2.18394746e+04
8.53174627e-02,2.18394846e-01,1.64999962e+00,4.00721222e-01,4.55772278e+02,2.18394844e+04
8.92857090e-02,2.18395054e-01,1.64999914e+00,4.00721490e-01,4.55772186e+02,2.18395059e+04
8.92857090e-02,2.18394846e-01,1.65000010e+00,4.00721222e-01,4.55772400e+02,2.18394844e+04
8.92857090e-02,2.18394920e-01,1.64999962e+00,4.00721371e-01,4.55772278e+02,2.18394922e+04
9.32539701e-02,2.18394876e-01,1.64999962e+00,4.00721312e-01,4.55772247e+02,2.18394883e+04
9.32539701e-02,2.18394905e-01,1.64999974e+00,4.00721282e-01,4.55772308e+02,2.18394902e+04
9.32539701e-02,2.18395025e-01,1.64999962e+00,4.00721490e-01,4.55772247e+02,2.18395020e+04
9.72222313e-02,2.18395025e-01,1.64999974e+00,4.00721520e-01,4.55772308e+02,2.18395020e+04
9.72222313e-02,2.18394980e-01,1.64999962e+00,4.00721371e-01,4.55772308e+02,2.18394980e+04
9.72222313e-02,2.18394995e-01,1.64999962e+00,4.00721431e-01,4.55772278e+02,2.18395000e+04
1.01190478e-01,2.18395114e-01,1.64999938e+00,4.00721639e-01,4.55772247e+02,2.18395117e+04
1.01190478e-01,2.18394980e-01,1.64999938e+00,4.00721341e-01,4.55772247e+02,2.18394980e+04
1.01190478e-01,2.18394995e-01,1.64999962e+00,4.00721431e-01,4.55772278e+02,2.18395000e+04
1.05158724e-01,2.18395084e-01,1.64999950e+00,4.00721639e-01,4.55772217e+02,2.18395078e+04
1.05158724e-01,2.18395039e-01,1.64999914e+00,4.00721341e-01,4.55772247e+02,2.18395039e+04
1.05158724e-01,2.18394995e-01,1.64999962e+00,4.00721490e-01,4.55772247e+02,2.18395000e+04
1.09126985e-01,2.18395054e-01,1.64999938e+00,4.00721520e-01,4.55772247e+02,2.18395059e+04
1.09126985e-01,2.18395054e-01,1.64999890e+00,4.00721371e-01,4.55772217e+02,2.18395059e+04
1.09126985e-01,2.18395054e-01,1.64999962e+00,4.00721610e-01,4.55772278e+02,2.18395059e+04
1.13095231e-01,2.18395054e-01,1.64999974e+00,4.00721669e-01,4.55772247e+02,2.18395059e+04
1.13095231e-01,2.18395054e-01,1.64999914e+00,4.00721431e-01,4.55772217e+02,2.18395059e+04
1.13095231e-01,2.18395084e-01,1.64999938e+00,4.00721520e-01,4.55772247e+02,2.18395078e+04
1.17063500e-01,2.18395054e-01,1.64999962e+00,4.00721610e-01,4.55772278e+02,2.18395059e+04
1.17063500e-01,2.18395084e-01,1.64999890e+00,4.00721490e-01,4.55772125e+02,2.18395078e+04
1.17063500e-01,2.18395084e-01,1.64999938e+00,4.00721550e-01,4.55772247e+02,2.18395078e+04
1.21031754e-01,2.18395114e-01,1.64999926e+00,4.00721639e-01,4.55772217e+02,2.18395117e+04
1.21031754e-01,2.18395054e-01,1.64999914e+00,4.00721461e-01,4.55772186e+02,2.18395059e+04
1.21031754e-01,2.18395114e-01,1.64999914e+00,4.00721550e-01,4.55772247e+02,2.18395117e+04
1.25000000e-01,2.18395218e-01,1.64999878e+00,4.00721669e-01,4.55772125e+02,2.18395215e+04
1.25000000e-01,2.18395114e-01,1.64999902e+00,4.00721550e-01,4.55772186e+02,2.18395117e+04
1.25000000e-01,2.18395084e-01,1.64999950e+00,4.00721639e-01,4.55772217e+02,2.18395078e+04
1.28968254e-01,2.18395084e-01,1.64999950e+00,4.00721550e-01,4.55772278e+02,2.18395078e+04
1.28968254e-01,2.18395054e-01,1.64999890e+00,4.00721520e-01,4.55772125e+02,2.18395059e+04
1.28968254e-01,2.18395099e-01,1.64999938e+00,4.00721610e-01,4.55772186e+02,2.18395098e+04
1.32936493e-01,2.18395084e-01,1.64999962e+00,4.00721610e-01,4.55772278e+02,2.18395078e+04
1.32936493e-01,2.18395054e-01,1.64999902e+00,4.00721490e-01,4.55772156e+02,2.18395059e+04
1.32936493e-01,2.18395114e-01,1.64999890e+00,4.00721550e-01,4.55772156e+02,2.18395117e+04
1.36904761e-01,2.18395218e-01,1.64999878e+00,4.00721669e-01,4.55772125e+02,2.18395215e+04
1.36904761e-01,2.18395099e-01,1.64999890e+00,4.00721461e-01,4.55772156e+02,2.18395098e+04
1.36904761e-01,2.18395054e-01,1.64999962e+00,4.00721550e-01,4.55772278e+02,2.18395059e+04
1.40873030e-01,2.18395144e-01,1.64999914e+00,4.00721610e-01,4.55772186e+02,2.18395137e+04
1.40873030e-01,2.18395084e-01,1.64999878e+00,4.00721371e-01,4.55772186e+02,2.18395078e+04
1.40873030e-01,2.18395084e-01,1.64999938e+00,4.00721550e-01,4.55772247e+02,2.18395078e+04
1.44841269e-01,2.18395114e-01,1.64999914e+00,4.00721610e-01,4.55772186e+02,2.18395117e+04
1.44841269e-01,2.18394980e-01,1.64999914e+00,4.00721282e-01,4.55772217e+02,2.18394980e+04
1.44841269e-01,2.18395144e-01,1.64999866e+00,4.00721490e-01,4.55772156e+02,2.18395137e+04
1.48809522e-01,2.18395114e-01,1.64999914e+00,4.00721610e-01,4.55772186e+02,2.18395117e+04
1.48809522e-01,2.18394876e-01,1.64999962e+00,4.00721222e-01,4.55772278e+02,2.18394883e+04
1.48809522e-01,2.18395084e-01,1.64999902e+00,4.00721461e-01,4.55772186e+02,2.18395078e+04
1.52777761e-01,2.18395054e-01,1.64999938e+00,4.00721490e-01,4.55772247e+02,2.18395059e+04
1.52777761e-01,2.18394905e-01,1.64999926e+00,4.00721192e-01,4.55772217e+02,2.18394902e+04
1.52777761e-01,2.18395054e-01,1.64999938e+00,4.00721610e-01,4.55772186e+02,2.18395059e+04
1.56746030e-01,2.18395025e-01,1.64999938e+00,4.00721550e-01,4.55772186e+02,2.18395020e+04
1.56746030e-01,2.18394831e-01,1.64999962e+00,4.00721133e-01,4.55772278e+02,2.18394824e+04
1.56746030e-01,2.18394920e-01,1.64999986e+00,4.00721371e-01,4.55772339e+02,2.18394922e+04
1.60714284e-01,2.18394935e-01,1.64999974e+00,4.00721371e-01,4.55772308e+02,2.18394941e+04
1.60714284e-01,2.18394861e-01,1.64999950e+00,4.00721133e-01,4.55772278e+02,2.18394863e+04
1.60714284e-01,2.18394965e-01,1.64999950e+00,4.00721490e-01,4.55772186e+02,2.18394961e+04
1.64682552e-01,2.18394965e-01,1.64999974e+00,4.00721401e-01,4.55772308e+02,2.18394961e+04
1.64682552e-01,2.18394831e-01,1.64999962e+00,4.00721103e-01,4.55772308e+02,2.18394824e+04
1.64682552e-01,2.18394905e-01,1.65000010e+00,4.00721461e-01,4.55772308e+02,2.18394902e+04
1.68650791e-01,2.18395025e-01,1.64999962e+00,4.00721461e-01,4.55772308e+02,2.18395020e+04
1.68650791e-01,2.18394846e-01,1.64999914e+00,4.00721043e-01,4.55772247e+02,2.18394844e+04
1.68650791e-01,2.18394980e-01,1.64999974e+00,4.00721550e-01,4.55772247e+02,2.18394980e+04
1.72619045e-01,2.18395054e-01,1.64999962e+00,4.00721490e-01,4.55772308e+02,2.18395059e+04
1.72619045e-01,2.18394831e-01,1.64999950e+00,4.00720984e-01,4.55772339e+02,2.18394824e+04
1.72619045e-01,2.18394831e-01,1.65000021e+00,4.00721312e-01,4.55772339e+02,2.18394824e+04
1.76587284e-01,2.18394831e-01,1.65000010e+00,4.00721252e-01,4.55772339e+02,2.18394824e+04
1.76587284e-01,2.18394831e-01,1.64999986e+00,4.00721133e-01,4.55772339e+02,2.18394824e+04
1.76587284e-01,2.18394905e-01,1.65000021e+00,4.00721461e-01,4.55772339e+02,2.18394902e+04
1.80555537e-01,2.18394846e-01,1.65000010e+00,4.00721282e-01,4.55772339e+02,2.18394844e+04
1.80555537e-01,2.18394831e-01,1.64999926e+00,4.00721014e-01,4.55772278e+02,2.18394824e+04
1.80555537e-01,2.18394905e-01,1.65000033e+00,4.00721461e-01,4.55772369e+02,2.18394902e+04
1.84523821e-01,2.18394905e-01,1.64999962e+00,4.00721252e-01,4.55772278e+02,2.18394902e+04
1.84523821e-01,2.18394682e-01,1.65000010e+00,4.00720894e-01,4.55772400e+02,2.18394688e+04
1.84523821e-01,2.18394905e-01,1.65000010e+00,4.00721401e-01,4.55772339e+02,2.18394902e+04
1.88492060e-01,2.18394831e-01,1.65000093e+00,4.00721431e-01,4.55772461e+02,2.18394824e+04
1.88492060e-01,2.18394741e-01,1.64999938e+00,4.00720835e-01,4.55772308e+02,2.18394746e+04
1.88492060e-01,2.18394831e-01,1.64999998e+00,4.00721252e-01,4.55772308e+02,2.18394824e+04
1.92460313e-01,2.18394727e-01,1.65000021e+00,4.00721163e-01,4.55772339e+02,2.18394727e+04
1.92460313e-01,2.18394667e-01,1.65000010e+00,4.00720745e-01,4.55772461e+02,2.18394668e+04
1.92460313e-01,2.18394876e-01,1.65000033e+00,4.00721401e-01,4.55772400e+02,2.18394883e+04
1.96428582e-01,2.18394771e-01,1.65000021e+00,4.00721222e-01,4.55772339e+02,2.18394766e+04
1.96428582e-01,2.18394667e-01,1.65000010e+00,4.00720805e-01,4.55772461e+02,2.18394668e+04
1.96428582e-01,2.18394801e-01,1.65000057e+00,4.00721341e-01,4.55772369e+02,2.18394805e+04
2.00396836e-01,2.18394771e-01,1.65000045e+00,4.00721252e-01,4.55772400e+02,2.18394766e+04
2.00396836e-01,2.18394682e-01,1.65000010e+00,4.00720865e-01,4.55772400e+02,2.18394688e+04
2.00396836e-01,2.18394831e-01,1.65000021e+00,4.00721282e-01,4.55772369e+02,2.18394824e+04
2.04365090e-01,2.18394741e-01,1.65000081e+00,4.00721252e-01,4.55772430e+02,2.18394746e+04
2.04365090e-01,2.18394741e-01,1.64999974e+00,4.00720805e-01,4.55772400e+02,2.18394746e+04
2.04365090e-01,2.18394801e-01,1.65000010e+00,4.00721222e-01,4.55772339e+02,2.18394805e+04
2.08333328e-01,2.18394741e-01,1.65000045e+00,4.00721192e-01,4.55772400e+02,2.18394746e+04
2.08333328e-01,2.18394667e-01,1.64999998e+00,4.00720775e-01,4.55772400e+02,2.18394668e+04
2.08333328e-01,2.18394741e-01,1.65000081e+00,4.00721312e-01,4.55772430e+02,2.18394746e+04
2.12301567e-01,2.18394741e-01,1.65000045e+00,4.00721192e-01,4.55772400e+02,2.18394746e+04
2.12301567e-01,2.18394682e-01,1.64999986e+00,4.00720745e-01,4.55772430e+02,2.18394688e+04
2.12301567e-01,2.18394771e-01,1.65000081e+00,4.00721312e-01,4.55772430e+02,2.18394766e+04
2.16269836e-01,2.18394786e-01,1.65000021e+00,4.00721282e-01,4.55772339e+02,2.18394785e+04
2.16269836e-01,2.18394652e-01,1.65000033e+00,4.00720805e-01,4.55772461e+02,2.18394648e+04
2.16269836e-01,2.18394741e-01,1.65000045e+00,4.00721192e-01,4.55772400e+02,2.18394746e+04
2.20238090e-01,2.18394786e-01,1.65000033e+00,4.00721222e-01,4.55772400e+02,2.18394785e+04
2.20238090e-01,2.18394667e-01,1.64999986e+00,4.00720716e-01,4.55772430e+02,2.18394668e+04
2.20238090e-01,2.18394786e-01,1.65000033e+00,4.00721222e-01,4.55772400e+02,2.18394785e+04
2.24206328e-01,2.18394741e-01,1.65000045e+00,4.00721222e-01,4.55772400e+02,2.18394746e+04
2.24206328e-01,2.18394667e-01,1.65000010e+00,4.00720745e-01,4.55772461e+02,2.18394668e+04
2.24206328e-01,2.18394846e-01,1.65000010e+00,4.00721282e-01,4.55772339e+02,2.18394844e+04
2.28174582e-01,2.18394801e-01,1.65000010e+00,4.00721222e-01,4.55772339e+02,2.18394805e+04
2.28174582e-01,2.18394682e-01,1.64999986e+00,4.00720716e-01,4.55772430e+02,2.18394688e+04
2.28174582e-01,2.18394786e-01,1.65000010e+00,4.00721252e-01,4.55772308e+02,2.18394785e+04
2.32142851e-01,2.18394786e-01,1.65000010e+00,4.00721252e-01,4.55772308e+02,2.18394785e+04
2.32142851e-01,2.18394741e-01,1.64999974e+00,4.00720805e-01,4.55772400e+02,2.18394746e+04
2.32142851e-01,2.18394741e-01,1.65000033e+00,4.00721192e-01,4.55772369e+02,2.18394746e+04
2.36111119e-01,2.18394741e-01,1.65000057e+00,4.00721163e-01,4.55772430e+02,2.18394746e+04
2.36111119e-01,2.18394727e-01,1.64999974e+00,4.00720745e-01,4.55772430e+02,2.18394727e+04
2.36111119e-01,2.18394831e-01,1.64999974e+00,4.00721192e-01,4.55772308e+02,2.18394824e+04
2.40079388e-01,2.18394712e-01,1.65000081e+00,4.00721222e-01,4.55772430e+02,2.18394707e+04
2.40079388e-01,2.18394667e-01,1.65000045e+00,4.00720865e-01,4.55772491e+02,2.18394668e+04
2.40079388e-01,2.18394771e-01,1.65000021e+00,4.00721222e-01,4.55772339e+02,2.18394766e+04
2.44047627e-01,2.18394831e-01,1.64999998e+00,4.00721282e-01,4.55772308e+02,2.18394824e+04
2.44047627e-01,2.18394727e-01,1.65000010e+00,4.00720924e-01,4.55772430e+02,2.18394727e+04
2.44047627e-01,2.18394786e-01,1.64999986e+00,4.00721192e-01,4.55772278e+02,2.18394785e+04
2.48015881e-01,2.18394786e-01,1.65000010e+00,4.00721163e-01,4.55772339e+02,2.18394785e+04
2.48015881e-01,2.18394741e-01,1.65000010e+00,4.00720924e-01,4.55772461e+02,2.18394746e+04
2.48015881e-01,2.18394727e-01,1.65000033e+00,4.00721103e-01,4.55772400e+02,2.18394727e+04
2.51984119e-01,2.18394727e-01,1.65000045e+00,4.00721073e-01,4.55772430e+02,2.18394727e+04
2.51984119e-01,2.18394741e-01,1.64999986e+00,4.00720984e-01,4.55772339e+02,2.18394746e+04
2.51984119e-01,2.18394727e-01,1.65000021e+00,4.00721043e-01,4.55772430e+02,2.18394727e+04
2.55952388e-01,2.18394727e-01,1.65000057e+00,4.00721163e-01,4.55772430e+02,2.18394727e+04
2.55952388e-01,2.18394712e-01,1.64999998e+00,4.00720835e-01,4.55772400e+02,2.18394707e+04
2.55952388e-01,2.18394786e-01,1.65000033e+00,4.00721192e-01,4.55772400e+02,2.18394785e+04
2.59920627e-01,2.18394741e-01,1.65000045e+00,4.00721222e-01,4.55772400e+02,2.18394746e+04
2.59920627e-01,2.18394652e-01,1.65000045e+00,4.00720775e-01,4.55772491e+02,2.18394648e+04
2.59920627e-01,2.18394741e-01,1.65000033e+00,4.00721163e-01,4.55772369e+02,2.18394746e+04
2.63888866e-01,2.18394741e-01,1.65000069e+00,4.00721312e-01,4.55772400e+02,2.18394746e+04
2.63888866e-01,2.18394727e-01,1.64999986e+00,4.00720835e-01,4.55772430e+02,2.18394727e+04
2.63888866e-01,2.18394786e-01,1.64999986e+00,4.00721133e-01,4.55772339e+02,2.18394785e+04
2.67857105e-01,2.18394727e-01,1.65000057e+00,4.00721163e-01,4.55772430e+02,2.18394727e+04
2.67857105e-01,2.18394741e-01,1.65000010e+00,4.00720894e-01,4.55772461e+02,2.18394746e+04
2.67857105e-01,2.18394771e-01,1.65000045e+00,4.00721312e-01,4.55772339e+02,2.18394766e+04
2.71825403e-01,2.18394727e-01,1.65000045e+00,4.00721192e-01,4.55772400e+02,2.18394727e+04
2.71825403e-01,2.18394771e-01,1.64999950e+00,4.00720894e-01,4.55772339e+02,2.18394766e+04
2.71825403e-01,2.18394682e-01,1.65000081e+00,4.00721163e-01,4.55772430e+02,2.18394688e+04
2.75793672e-01,2.18394682e-01,1.65000045e+00,4.00721133e-01,4.55772400e+02,2.18394688e+04
2.75793672e-01,2.18394727e-01,1.65000010e+00,4.00720894e-01,4.55772461e+02,2.18394727e+04
2.75793672e-01,2.18394786e-01,1.64999998e+00,4.00721192e-01,4.55772308e+02,2.18394785e+04
2.79761910e-01,2.18394622e-01,1.65000081e+00,4.00721014e-01,4.55772491e+02,2.18394629e+04
2.79761910e-01,2.18394667e-01,1.65000057e+00,4.00720894e-01,4.55772522e+02,2.18394668e+04
2.79761910e-01,2.18394667e-01,1.65000057e+00,4.00721103e-01,4.55772430e+02,2.18394668e+04
2.83730179e-01,2.18394682e-01,1.65000010e+00,4.00721043e-01,4.55772339e+02,2.18394688e+04
2.83730179e-01,2.18394786e-01,1.65000010e+00,4.00720984e-01,4.55772430e+02,2.18394785e+04
2.83730179e-01,2.18394667e-01,1.65000057e+00,4.00721103e-01,4.55772430e+02,2.18394668e+04
2.87698418e-01,2.18394667e-01,1.65000057e+00,4.00721073e-01,4.55772430e+02,2.18394668e+04
2.87698418e-01,2.18394786e-01,1.64999998e+00,4.00720924e-01,4.55772461e+02,2.18394785e+04
2.87698418e-01,2.18394682e-01,1.65000045e+00,4.00721014e-01,4.55772430e+02,2.18394688e+04
2.91666657e-01,2.18394652e-01,1.65000081e+00,4.00721073e-01,4.55772430e+02,2.18394648e+04
2.91666657e-01,2.18394786e-01,1.64999986e+00,4.00720924e-01,4.55772430e+02,2.18394785e+04
2.91666657e-01,2.18394667e-01,1.65000021e+00,4.00720924e-01,4.55772430e+02,2.18394668e+04
2.95634896e-01,2.18394727e-01,1.64999974e+00,4.00721043e-01,4.55772308e+02,2.18394727e+04
2.95634896e-01,2.18394741e-01,1.65000033e+00,4.00721043e-01,4.55772461e+02,2.18394746e+04
2.95634896e-01,2.18394622e-01,1.65000057e+00,4.00720984e-01,4.55772430e+02,2.18394629e+04
2.99603164e-01,2.18394667e-01,1.65000057e+00,4.00720984e-01,4.55772461e+02,2.18394668e+04
2.99603164e-01,2.18394727e-01,1.65000045e+00,4.00721014e-01,4.55772491e+02,2.18394727e+04
2.99603164e-01,2.18394652e-01,1.65000021e+00,4.00721014e-01,4.55772339e+02,2.18394648e+04
3.03571403e-01,2.18394667e-01,1.65000057e+00,4.00721073e-01,4.55772430e+02,2.18394668e+04
3.03571403e-01,2.18394712e-01,1.65000033e+00,4.00720954e-01,4.55772461e+02,2.18394707e+04
3.03571403e-01,2.18394682e-01,1.65000045e+00,4.00721014e-01,4.55772430e+02,2.18394688e+04
3.07539672e-01,2.18394741e-01,1.64999998e+00,4.00721103e-01,4.55772308e+02,2.18394746e+04
3.07539672e-01,2.18394727e-01,1.65000069e+00,4.00720954e-01,4.55772552e+02,2.18394727e+04
3.07539672e-01,2.18394682e-01,1.65000045e+00,4.00721014e-01,4.55772430e+02,2.18394688e+04
3.11507910e-01,2.18394652e-01,1.65000033e+00,4.00720984e-01,4.55772369e+02,2.18394648e+04
3.11507910e-01,2.18394727e-01,1.65000033e+00,4.00720924e-01,4.55772522e+02,2.18394727e+04
3.11507910e-01,2.18394667e-01,1.65000069e+00,4.00721043e-01,4.55772461e+02,2.18394668e+04
3.15476209e-01,2.18394727e-01,1.65000021e+00,4.00721133e-01,4.55772339e+02,2.18394727e+04
3.15476209e-01,2.18394607e-01,1.65000057e+00,4.00720984e-01,4.55772369e+02,2.18394609e+04
3.15476209e-01,2.18394741e-01,1.65000057e+00,4.00720984e-01,4.55772522e+02,2.18394746e+04
3.19444448e-01,2.18394622e-01,1.65000069e+00,4.00721043e-01,4.55772400e+02,2.18394629e+04
3.19444448e-01,2.18394831e-01,1.64999974e+00,4.00721014e-01,4.55772400e+02,2.18394824e+04
3.19444448e-01,2.18394682e-01,1.65000010e+00,4.00720984e-01,4.55772339e+02,2.18394688e+04
3.23412716e-01,2.18394667e-01,1.65000057e+00,4.00721073e-01,4.55772430e+02,2.18394668e+04
3.23412716e-01,2.18394682e-01,1.65000081e+00,4.00720924e-01,4.55772583e+02,2.18394688e+04
3.23412716e-01,2.18394741e-01,1.64999962e+00,4.00720984e-01,4.55772278e+02,2.18394746e+04
3.27380955e-01,2.18394652e-01,1.65000081e+00,4.00721103e-01,4.55772430e+02,2.18394648e+04
3.27380955e-01,2.18394682e-01,1.65000057e+00,4.00720924e-01,4.55772522e+02,2.18394688e+04
3.27380955e-01,2.18394622e-01,1.65000021e+00,4.00720984e-01,4.55772339e+02,2.18394629e+04
3.31349224e-01,2.18394592e-01,1.65000093e+00,4.00721043e-01,4.55772430e+02,2.18394590e+04
3.31349224e-01,2.18394727e-01,1.65000021e+00,4.00721133e-01,4.55772339e+02,2.18394727e+04
3.31349224e-01,2.18394786e-01,1.65000010e+00,4.00720984e-01,4.55772430e+02,2.18394785e+04
3.35305840e-01,2.18394831e-01,1.64999962e+00,4.00721192e-01,4.55772278e+02,2.18394824e+04
3.35306019e-01,2.18394786e-01,1.65000010e+00,4.00721163e-01,4.55772339e+02,2.18394785e+04
3.35306078e-01,2.18394786e-01,1.65000010e+00,4.00721043e-01,4.55772400e+02,2.18394785e+04
3.35306257e-01,2.18394727e-01,1.64999998e+00,4.00721103e-01,4.55772308e+02,2.18394727e+04
3.39251727e-01,2.18394786e-01,1.64999974e+00,4.00721103e-01,4.55772308e+02,2.18394785e+04
3.39252084e-01,2.18394741e-01,1.64999986e+00,4.00721133e-01,4.55772278e+02,2.18394746e+04
3.39252472e-01,2.18394771e-01,1.64999986e+00,4.00721014e-01,4.55772339e+02,2.18394766e+04
3.43199253e-01,2.18394771e-01,1.64999986e+00,4.00721133e-01,4.55772278e+02,2.18394766e+04
3.43199849e-01,2.18394592e-01,1.65000105e+00,4.00721043e-01,4.55772461e+02,2.18394590e+04
3.43200445e-01,2.18394727e-01,1.64999986e+00,4.00720924e-01,4.55772369e+02,2.18394727e+04
3.47148389e-01,2.18394741e-01,1.64999998e+00,4.00721103e-01,4.55772308e+02,2.18394746e+04
3.47149223e-01,2.18394741e-01,1.65000033e+00,4.00721133e-01,4.55772400e+02,2.18394746e+04
3.47150058e-01,2.18394712e-01,1.65000045e+00,4.00721073e-01,4.55772430e+02,2.18394707e+04
3.51099133e-01,2.18394727e-01,1.64999986e+00,4.00721043e-01,4.55772339e+02,2.18394727e+04
3.51100117e-01,2.18394741e-01,1.65000045e+00,4.00721103e-01,4.55772430e+02,2.18394746e+04
3.51101130e-01,2.18394741e-01,1.64999986e+00,4.00720984e-01,4.55772339e+02,2.18394746e+04
3.55051368e-01,2.18394741e-01,1.64999986e+00,4.00721043e-01,4.55772339e+02,2.18394746e+04
3.55052561e-01,2.18394682e-01,1.65000057e+00,4.00721073e-01,4.55772430e+02,2.18394688e+04
3.55053753e-01,2.18394682e-01,1.65000033e+00,4.00721014e-01,4.55772400e+02,2.18394688e+04
3.59005123e-01,2.18394727e-01,1.65000021e+00,4.00721073e-01,4.55772369e+02,2.18394727e+04
3.59006435e-01,2.18394741e-01,1.65000010e+00,4.00721043e-01,4.55772400e+02,2.18394746e+04
3.59007806e-01,2.18394786e-01,1.64999998e+00,4.00721073e-01,4.55772369e+02,2.18394785e+04
3.62958819e-01,2.18394771e-01,1.65000021e+00,4.00721222e-01,4.55772339e+02,2.18394766e+04
3.62960339e-01,2.18394741e-01,1.65000033e+00,4.00721133e-01,4.55772400e+02,2.18394746e+04
3.62961799e-01,2.18394712e-01,1.65000010e+00,4.00720954e-01,4.55772400e+02,2.18394707e+04
3.66915315e-01,2.18394831e-01,1.64999962e+00,4.00721222e-01,4.55772247e+02,2.18394824e+04
3.66916895e-01,2.18394831e-01,1.64999986e+00,4.00721163e-01,4.55772339e+02,2.18394824e+04
3.66918564e-01,2.18394727e-01,1.65000010e+00,4.00721043e-01,4.55772400e+02,2.18394727e+04
3.70873213e-01,2.18394846e-01,1.64999986e+00,4.00721282e-01,4.55772278e+02,2.18394844e+04
3.70874912e-01,2.18394831e-01,1.65000010e+00,4.00721222e-01,4.55772400e+02,2.18394824e+04
3.70876670e-01,2.18394831e-01,1.64999962e+00,4.00721103e-01,4.55772308e+02,2.18394824e+04
3.74832392e-01,2.18394846e-01,1.64999962e+00,4.00721192e-01,4.55772278e+02,2.18394844e+04
3.74834210e-01,2.18394801e-01,1.65000010e+00,4.00721222e-01,4.55772339e+02,2.18394805e+04
3.74836087e-01,2.18394786e-01,1.64999986e+00,4.00721133e-01,4.55772339e+02,2.18394785e+04
3.78792912e-01,2.18394831e-01,1.64999974e+00,4.00721192e-01,4.55772308e+02,2.18394824e+04
3.78794819e-01,2.18394831e-01,1.64999986e+00,4.00721222e-01,4.55772339e+02,2.18394824e+04
3.78796726e-01,2.18394861e-01,1.64999962e+00,4.00721103e-01,4.55772308e+02,2.18394863e+04
3.82754683e-01,2.18394831e-01,1.64999974e+00,4.00721192e-01,4.55772308e+02,2.18394824e+04
3.82756680e-01,2.18394771e-01,1.65000057e+00,4.00721192e-01,4.55772461e+02,2.18394766e+04
3.82758647e-01,2.18394831e-01,1.64999986e+00,4.00721133e-01,4.55772339e+02,2.18394824e+04
3.86717707e-01,2.18394771e-01,1.65000045e+00,4.00721312e-01,4.55772339e+02,2.18394766e+04
3.86719733e-01,2.18394846e-01,1.64999974e+00,4.00721192e-01,4.55772308e+02,2.18394844e+04
3.86721760e-01,2.18394831e-01,1.64999938e+00,4.00721103e-01,4.55772247e+02,2.18394824e+04
3.90679806e-01,2.18394667e-01,1.65000069e+00,4.00721192e-01,4.55772369e+02,2.18394668e+04
3.90681863e-01,2.18394786e-01,1.65000010e+00,4.00721163e-01,4.55772339e+02,2.18394785e+04
3.90683979e-01,2.18394786e-01,1.65000033e+00,4.00721192e-01,4.55772400e+02,2.18394785e+04
3.90686035e-01,2.18394846e-01,1.64999962e+00,4.00721133e-01,4.55772247e+02,2.18394844e+04
3.94645095e-01,2.18394399e-01,1.65000093e+00,4.00720447e-01,4.55772583e+02,2.18394395e+04
3.94647151e-01,2.18394622e-01,1.65000153e+00,4.00721461e-01,4.55772430e+02,2.18394629e+04
3.94649297e-01,2.18394727e-01,1.65000010e+00,4.00720894e-01,4.55772461e+02,2.18394727e+04
3.98611456e-01,2.18394876e-01,1.65000200e+00,4.00721967e-01,4.55772522e+02,2.18394883e+04
3.98613602e-01,2.18394428e-01,1.64999926e+00,4.00719643e-01,4.55772614e+02,2.18394434e+04
3.98615748e-01,2.18394428e-01,1.65000165e+00,4.00721014e-01,4.55772522e+02,2.18394434e+04
4.02578950e-01,2.18398139e-01,1.64998150e+00,4.00721490e-01,4.55770538e+02,2.18398145e+04
4.02581096e-01,2.18395412e-01,1.65000415e+00,4.00724471e-01,4.55772247e+02,2.18395410e+04
4.02583241e-01,2.18394667e-01,1.64999878e+00,4.00719970e-01,4.55772522e+02,2.18394668e+04
4.06547397e-01,2.18415901e-01,1.64993525e+00,4.00749058e-01,4.55760590e+02,2.18415898e+04
4.06549573e-01,2.18401000e-01,1.64995849e+00,4.00718153e-01,4.55769073e+02,2.18400996e+04
4.06551719e-01,2.18396470e-01,1.64999747e+00,4.00724292e-01,4.55771606e+02,2.18396465e+04
4.10516888e-01,2.18518883e-01,1.64945626e+00,4.00806904e-01,4.55702820e+02,2.18518887e+04
4.10519004e-01,2.18433633e-01,1.64989555e+00,4.00779903e-01,4.55750610e+02,2.18433633e+04
4.10521150e-01,2.18407184e-01,1.64994228e+00,4.00727838e-01,4.55765533e+02,2.18407188e+04
4.14487273e-01,2.19101459e-01,1.64745533e+00,4.01475459e-01,4.55376709e+02,2.19101465e+04
4.14489418e-01,2.18618020e-01,1.64899385e+00,4.00861770e-01,4.55647217e+02,2.18618027e+04
4.14491534e-01,2.18468502e-01,1.64973140e+00,4.00798410e-01,4.55731110e+02,2.18468496e+04
4.18458611e-01,2.22519740e-01,1.63705802e+00,4.05974209e-01,4.53485199e+02,2.22519746e+04
4.18460697e-01,2.19655842e-01,1.64575219e+00,4.02208269e-01,4.55065948e+02,2.19655840e+04
4.18462753e-01,2.18817011e-01,1.64830911e+00,4.01089042e-01,4.55536133e+02,2.18817012e+04
4.22430784e-01,2.41189957e-01,1.58264637e+00,4.30086941e-01,4.43454834e+02,2.41189961e+04
4.22432810e-01,2.25900218e-01,1.62690258e+00,4.10379171e-01,4.51638794e+02,2.25900215e+04
4.22434896e-01,2.20799536e-01,1.64227843e+00,4.03717607e-01,4.54434235e+02,2.20799531e+04
4.26403791e-01,2.81565070e-01,1.47416627e+00,4.79403168e-01,4.22716736e+02,2.81565059e+04
4.26405787e-01,2.53796279e-01,1.54681790e+00,4.45674837e-01,4.36753906e+02,2.53796289e+04
4.26407784e-01,2.32355118e-01,1.60798037e+00,4.18762207e-01,4.48164154e+02,2.32355117e+04
4.30375665e-01,3.11256379e-01,1.40044272e+00,5.14826357e-01,4.07434814e+02,3.11256387e+04
4.30377573e-01,3.07693899e-01,1.41078711e+00,5.11733115e-01,4.09320190e+02,3.07693887e+04
4.30379480e-01,2.91825384e-01,1.44879913e+00,4.92278516e-01,4.17376770e+02,2.91825371e+04
4.30381417e-01,2.68552959e-01,1.50770831e+00,4.63736504e-01,4.29299774e+02,2.68552949e+04
4.34350222e-01,3.13930869e-01,1.39515924e+00,5.18009305e-01,4.06383484e+02,3.13930879e+04
4.34352070e-01,3.14162999e-01,1.39688444e+00,5.18216252e-01,4.06955078e+02,3.14163008e+04
4.34353918e-01,3.08308750e-01,1.40829754e+00,5.11607051e-01,4.09056335e+02,3.08308750e+04
4.34355825e-01,3.01667958e-01,1.42453539e+00,5.04452646e-01,4.12184509e+02,3.01667969e+04
4.38325495e-01,3.13293576e-01,1.39753377e+00,5.17715335e-01,4.06777191e+02,3.13293574e+04
4.38327223e-01,3.14033270e-01,1.39781678e+00,5.19176483e-01,4.06765930e+02,3.14033262e+04
4.38329071e-01,3.12856436e-01,1.39679372e+00,5.16466320e-01,4.06768982e+02,3.12856445e+04
4.42301422e-01,3.10520321e-01,1.40362918e+00,5.14209151e-01,4.08123444e+02,3.10520312e+04
4.42303091e-01,3.12468946e-01,1.40086913e+00,5.17115176e-01,4.07447235e+02,3.12468945e+04
4.42304850e-01,3.12997311e-01,1.39838433e+00,5.17449617e-01,4.06936707e+02,3.12997324e+04
4.46277976e-01,3.07099879e-01,1.41146195e+00,5.10105729e-01,4.09772583e+02,3.07099883e+04
4.46279615e-01,3.09175521e-01,1.40810776e+00,5.13090193e-01,4.08983337e+02,3.09175508e+04
4.46281165e-01,3.10907245e-01,1.40294898e+00,5.14706850e-01,4.07982330e+02,3.10907246e+04
4.50255066e-01,3.04151714e-01,1.41833639e+00,5.06611645e-01,4.11197815e+02,3.04151699e+04
4.50256586e-01,3.05818319e-01,1.41570151e+00,5.09052038e-01,4.10569214e+02,3.05818320e+04
4.50258106e-01,3.07513326e-01,1.41070092e+00,5.10613441e-01,4.09623444e+02,3.07513340e+04
4.54232693e-01,3.01568806e-01,1.42440963e+00,5.03547788e-01,4.12450439e+02,3.01568809e+04
4.54234123e-01,3.03045183e-01,1.42204881e+00,5.05716741e-01,4.11887451e+02,3.03045195e+04
4.54235554e-01,3.04386199e-01,1.41798186e+00,5.06917179e-01,4.11129547e+02,3.04386191e+04
4.58210826e-01,2.99101561e-01,1.43024504e+00,5.00614464e-01,4.13649109e+02,2.99101562e+04
4.58212167e-01,3.00535142e-01,1.42784047e+00,5.02692282e-01,4.13085785e+02,3.00535137e+04
4.58213478e-01,3.01723719e-01,1.42423058e+00,5.03768325e-01,4.12414185e+02,3.01723730e+04
4.62189406e-01,2.96641439e-01,1.43609333e+00,4.97681409e-01,4.14845978e+02,2.96641445e+04
4.62190628e-01,2.98058122e-01,1.43360388e+00,4.99703854e-01,4.14273682e+02,2.98058125e+04
4.62191820e-01,2.99230456e-01,1.43011904e+00,5.00811994e-01,4.13620209e+02,2.99230469e+04
4.66168404e-01,2.94168174e-01,1.44200623e+00,4.94724929e-01,4.16051544e+02,2.94168184e+04
4.66169506e-01,2.95570791e-01,1.43943644e+00,4.96699482e-01,4.15470703e+02,2.95570781e+04
4.66170579e-01,2.96780139e-01,1.43593788e+00,4.97897655e-01,4.14807922e+02,2.96780137e+04
4.70147759e-01,2.91693002e-01,1.44796085e+00,4.91759688e-01,4.17260590e+02,2.91693008e+04
4.70148712e-01,2.93090671e-01,1.44529665e+00,4.93698567e-01,4.16668915e+02,2.93090684e+04
4.70149666e-01,2.94344097e-01,1.44175816e+00,4.94991452e-01,4.15992279e+02,2.94344102e+04
4.74127412e-01,2.89239109e-01,1.45389760e+00,4.88811553e-01,4.18461609e+02,2.89239121e+04
4.74128246e-01,2.90640891e-01,1.45112824e+00,4.90728766e-01,4.17856720e+02,2.90640879e+04
4.74129081e-01,2.91924745e-01,1.44757223e+00,4.92095828e-01,4.17171753e+02,2.91924746e+04
4.78107363e-01,2.86817759e-01,1.45979214e+00,4.85894889e-01,4.19649658e+02,2.86817754e+04
4.78108078e-01,2.88225055e-01,1.45692170e+00,4.87794697e-01,4.19032349e+02,2.88225059e+04
4.78108793e-01,2.89525449e-01,1.45337212e+00,4.89215046e-01,4.18344757e+02,2.89525449e+04
4.82087523e-01,2.84427345e-01,1.46564758e+00,4.83008355e-01,4.20825348e+02,2.84427344e+04
4.82088089e-01,2.85837084e-01,1.46269047e+00,4.84889328e-01,4.20198425e+02,2.85837070e+04
4.82088715e-01,2.87145913e-01,1.45915806e+00,4.86349195e-01,4.19511230e+02,2.87145918e+04
4.86067861e-01,2.82061070e-01,1.47148037e+00,4.80143756e-01,4.21992218e+02,2.82061074e+04
4.86068338e-01,2.83469558e-01,1.46845174e+00,4.82003599e-01,4.21358521e+02,2.83469570e+04
4.86068815e-01,2.84783632e-01,1.46493590e+00,4.83495176e-01,4.20672485e+02,2.84783633e+04
4.90048379e-01,2.79712319e-01,1.47730660e+00,4.77293134e-01,4.23153442e+02,2.79712324e+04
4.90048736e-01,2.81117082e-01,1.47421849e+00,4.79131132e-01,4.22515106e+02,2.81117090e+04
4.90049034e-01,2.82435268e-01,1.47071505e+00,4.80649829e-01,4.21830139e+02,2.82435254e+04
4.94028956e-01,2.77376294e-01,1.48313880e+00,4.74451065e-01,4.24311493e+02,2.77376309e+04
4.94029164e-01,2.78776556e-01,1.47999763e+00,4.76267904e-01,4.23669769e+02,2.78776562e+04
4.94029403e-01,2.80098647e-01,1.47650123e+00,4.77810681e-01,4.22985413e+02,2.80098633e+04
4.98009652e-01,2.75051177e-01,1.48898208e+00,4.71614867e-01,4.25467621e+02,2.75051191e+04
4.98009682e-01,2.76447684e-01,1.48578990e+00,4.73413706e-01,4.24822479e+02,2.76447695e+04
4.98009801e-01,2.77775198e-01,1.48229146e+00,4.74979609e-01,4.24137695e+02,2.77775195e+04
5.01990199e-01,2.75467724e-01,1.48807871e+00,4.72160369e-01,4.25285431e+02,2.75467715e+04
5.01990318e-01,2.74132431e-01,1.49159038e+00,4.70570773e-01,4.25972260e+02,2.74132441e+04
5.01990378e-01,2.72737354e-01,1.49483526e+00,4.68785286e-01,4.26621399e+02,2.72737344e+04
5.05970597e-01,2.73180366e-01,1.49385309e+00,4.69358206e-01,4.26426758e+02,2.73180371e+04
5.05970776e-01,2.71835208e-01,1.49738789e+00,4.67744589e-01,4.27116974e+02,2.71835215e+04
5.05971014e-01,2.70438343e-01,1.50069070e+00,4.65966552e-01,4.27771576e+02,2.70438340e+04
5.09950936e-01,2.70914942e-01,1.49960983e+00,4.66575712e-01,4.27560608e+02,2.70914941e+04
5.09951293e-01,2.69559354e-01,1.50317264e+00,4.64938819e-01,4.28254730e+02,2.69559355e+04
5.09951651e-01,2.68158138e-01,1.50653768e+00,4.63163853e-01,4.28915955e+02,2.68158125e+04
5.13931215e-01,2.68670559e-01,1.50535119e+00,4.63812172e-01,4.28687469e+02,2.68670566e+04
5.13931692e-01,2.67306238e-01,1.50894165e+00,4.62155730e-01,4.29384979e+02,2.67306250e+04
5.13932168e-01,2.65899897e-01,1.51236832e+00,4.60380852e-01,4.30053070e+02,2.65899883e+04
5.17911255e-01,2.66444594e-01,1.51108348e+00,4.61064488e-01,4.29808594e+02,2.66444590e+04
5.17911911e-01,2.65074432e-01,1.51469779e+00,4.59393352e-01,4.30508362e+02,2.65074434e+04
5.17912507e-01,2.63664275e-01,1.51817989e+00,4.57618594e-01,4.31182465e+02,2.63664277e+04
5.21891177e-01,2.64233738e-01,1.51681519e+00,4.58328694e-01,4.30925598e+02,2.64233750e+04
5.21891892e-01,2.62860775e-01,1.52044773e+00,4.56647456e-01,4.31626282e+02,2.62860762e+04
5.21892607e-01,2.61448801e-01,1.52397871e+00,4.54873890e-01,4.32305481e+02,2.61448809e+04
5.25870919e-01,2.62036622e-01,1.52255046e+00,4.55603421e-01,4.32039276e+02,2.62036621e+04
5.25871754e-01,2.60661930e-01,1.52620113e+00,4.53914434e-01,4.32740570e+02,2.60661934e+04
5.25872588e-01,2.59249985e-01,1.52977467e+00,4.52142835e-01,4.33424072e+02,2.59249980e+04
5.29850304e-01,2.59852707e-01,1.52829051e+00,4.52888072e-01,4.33149750e+02,2.59852695e+04
5.29851258e-01,2.58476049e-01,1.53196228e+00,4.51191634e-01,4.33852112e+02,2.58476055e+04
5.29852211e-01,2.57064581e-01,1.53557444e+00,4.49421227e-01,4.34539490e+02,2.57064590e+04
5.33829391e-01,2.57682651e-01,1.53403378e+00,4.50183570e-01,4.34256866e+02,2.57682637e+04
5.33830464e-01,2.56302774e-01,1.53773153e+00,4.48478401e-01,4.34961090e+02,2.56302773e+04
5.33831656e-01,2.54890978e-01,1.54138458e+00,4.46707070e-01,4.35653107e+02,2.54890977e+04
5.37808180e-01,2.55527139e-01,1.53977835e+00,4.47490811e-01,4.35360168e+02,2.55527148e+04
5.37809372e-01,2.54142731e-01,1.54350817e+00,4.45775688e-01,4.36067383e+02,2.54142734e+04
5.37810624e-01,2.52729326e-01,1.54720283e+00,4.44000602e-01,4.36764465e+02,2.52729316e+04
5.41786492e-01,2.53386796e-01,1.54552317e+00,4.44810778e-01,4.36459412e+02,2.53386797e+04
5.41787863e-01,2.51997024e-01,1.54928768e+00,4.43084687e-01,4.37170105e+02,2.51997031e+04
5.41789174e-01,2.50580937e-01,1.55302680e+00,4.41303700e-01,4.37873047e+02,2.50580938e+04
5.45764446e-01,2.51262426e-01,1.55126500e+00,4.42144364e-01,4.37554077e+02,2.51262422e+04
5.45765877e-01,2.49866933e-01,1.55506718e+00,4.40406859e-01,4.38268799e+02,2.49866934e+04
5.45767248e-01,2.48447552e-01,1.55885160e+00,4.38618392e-01,4.38977997e+02,2.48447559e+04
5.49741924e-01,2.49154687e-01,1.55700314e+00,4.39492851e-01,4.38643921e+02,2.49154688e+04
5.49743354e-01,2.47753531e-01,1.56084347e+00,4.37743962e-01,4.39362762e+02,2.47753535e+04
5.49744904e-01,2.46330664e-01,1.56467319e+00,4.35946792e-01,4.40078522e+02,2.46330664e+04
5.53718865e-01,2.47064695e-01,1.56273329e+00,4.36857313e-01,4.39728302e+02,2.47064688e+04
5.53720415e-01,2.45658383e-01,1.56661236e+00,4.35097575e-01,4.40451447e+02,2.45658379e+04
5.53721964e-01,2.44232103e-01,1.57048583e+00,4.33291316e-01,4.41173523e+02,2.44232109e+04
5.57695210e-01,2.44992018e-01,1.56845677e+00,4.34237450e-01,4.40807434e+02,2.44992012e+04
5.57696879e-01,2.43581817e-01,1.57237232e+00,4.32468325e-01,4.41534515e+02,2.43581816e+04
5.57698548e-01,2.42152750e-01,1.57628703e+00,4.30653155e-01,4.42262604e+02,2.42152754e+04
5.61670959e-01,2.42936447e-01,1.57417452e+00,4.31633234e-01,4.41881470e+02,2.42936445e+04
5.61672747e-01,2.41523802e-01,1.57812190e+00,4.29855973e-01,4.42611847e+02,2.41523809e+04
5.61674476e-01,2.40092859e-01,1.58207524e+00,4.28032726e-01,4.43345490e+02,2.40092852e+04
5.65644205e-01,2.42304727e-01,1.57602406e+00,4.30838048e-01,4.42232605e+02,2.42304727e+04
5.65646112e-01,2.40897074e-01,1.57988787e+00,4.29043353e-01,4.42950745e+02,2.40897070e+04
5.65647900e-01,2.39483356e-01,1.58386493e+00,4.27259773e-01,4.43684021e+02,2.39483359e+04
5.65649748e-01,2.38051400e-01,1.58785367e+00,4.25428987e-01,4.44422791e+02,2.38051406e+04
5.69618642e-01,2.40280837e-01,1.58170080e+00,4.28263575e-01,4.43294525e+02,2.40280840e+04
5.69620550e-01,2.38873556e-01,1.58559787e+00,4.26467359e-01,4.44015594e+02,2.38873555e+04
5.69622457e-01,2.37459391e-01,1.58960342e+00,4.24678117e-01,4.44751678e+02,2.37459395e+04
5.69624305e-01,2.36027166e-01,1.59362507e+00,4.22840387e-01,4.45495087e+02,2.36027168e+04
5.73592246e-01,2.38272622e-01,1.58737481e+00,4.25703198e-01,4.44351929e+02,2.38272617e+04
5.73594272e-01,2.36865312e-01,1.59130621e+00,4.23904777e-01,4.45076172e+02,2.36865312e+04
5.73596179e-01,2.35450685e-01,1.59534001e+00,4.22109365e-01,4.45815063e+02,2.35450684e+04
5.77565134e-01,2.36281052e-01,1.59304225e+00,4.23158169e-01,4.45404327e+02,2.36281055e+04
5.77567160e-01,2.34872714e-01,1.59701145e+00,4.21356082e-01,4.46132324e+02,2.34872715e+04
5.77569187e-01,2.33457044e-01,1.60107541e+00,4.19553250e-01,4.46874664e+02,2.33457051e+04
5.81537247e-01,2.34305963e-01,1.59870493e+00,4.20628488e-01,4.46451874e+02,2.34305957e+04
5.81539333e-01,2.32895762e-01,1.60271335e+00,4.18821216e-01,4.47184082e+02,2.32895762e+04
5.81541359e-01,2.31477633e-01,1.60681283e+00,4.17009264e-01,4.47930847e+02,2.31477637e+04
5.85508525e-01,2.32346550e-01,1.60436392e+00,4.18113083e-01,4.47494934e+02,2.32346543e+04
5.85510552e-01,2.30933905e-01,1.60841298e+00,4.16299492e-01,4.48231628e+02,2.30933906e+04
5.85512698e-01,2.29512930e-01,1.61254907e+00,4.14477557e-01,4.48983093e+02,2.29512930e+04
5.89478910e-01,2.30402246e-01,1.61002028e+00,4.15611267e-01,4.48533691e+02,2.30402246e+04
5.89480937e-01,2.28986859e-01,1.61411154e+00,4.13790703e-01,4.49275238e+02,2.28986855e+04
5.89483082e-01,2.27562442e-01,1.61828709e+00,4.11957949e-01,4.50032074e+02,2.27562441e+04
5.93448281e-01,2.28472009e-01,1.61567712e+00,4.13121641e-01,4.49568756e+02,2.28472012e+04
5.93450487e-01,2.27053881e-01,1.61981046e+00,4.11293715e-01,4.50315216e+02,2.27053887e+04
5.93452632e-01,2.25626081e-01,1.62402546e+00,4.09450084e-01,4.51077332e+02,2.25626074e+04
5.97416759e-01,2.26555064e-01,1.62133706e+00,4.10643369e-01,4.50600647e+02,2.26555059e+04
5.97418904e-01,2.25134254e-01,1.62551236e+00,4.08807963e-01,4.51352020e+02,2.25134258e+04
5.97421110e-01,2.23703355e-01,1.62976658e+00,4.06953633e-01,4.52119476e+02,2.23703359e+04
6.01384223e-01,2.24650681e-01,1.62700176e+00,4.08175677e-01,4.51629578e+02,2.24650684e+04
6.01386368e-01,2.23227859e-01,1.63121688e+00,4.06333059e-01,4.52385651e+02,2.23227852e+04
6.01388574e-01,2.21794426e-01,1.63550889e+00,4.04468656e-01,4.53158142e+02,2.21794434e+04
6.05350733e-01,2.22759575e-01,1.63266873e+00,4.05719101e-01,4.52655273e+02,2.22759570e+04
6.05352819e-01,2.21334666e-01,1.63692403e+00,4.03869301e-01,4.53416016e+02,2.21334668e+04
6.05354965e-01,2.19899610e-01,1.64125168e+00,4.01995808e-01,4.54193207e+02,2.19899609e+04
6.09313965e-01,2.22295552e-01,1.63410962e+00,4.05110538e-01,4.52922394e+02,2.22295547e+04
6.09316051e-01,2.20881715e-01,1.63833845e+00,4.03274059e-01,4.53677643e+02,2.20881719e+04
6.09318078e-01,2.19455287e-01,1.64263213e+00,4.01417166e-01,4.54442932e+02,2.19455293e+04
6.09320223e-01,2.18018904e-01,1.64699483e+00,3.99535090e-01,4.55224731e+02,2.18018906e+04
6.13278210e-01,2.20434397e-01,1.63973761e+00,4.02685076e-01,4.53936707e+02,2.20434395e+04
6.13280237e-01,2.19018266e-01,1.64400637e+00,4.00841773e-01,4.54696045e+02,2.19018262e+04
6.13282323e-01,2.17590436e-01,1.64833879e+00,3.98978025e-01,4.55465973e+02,2.17590430e+04
6.17241383e-01,2.18588129e-01,1.64536250e+00,4.00273412e-01,4.54946686e+02,2.18588125e+04
6.17243350e-01,2.17170000e-01,1.64967120e+00,3.98423672e-01,4.55710175e+02,2.17170000e+04
6.17245257e-01,2.15741232e-01,1.65403950e+00,3.96552920e-01,4.56484375e+02,2.15741230e+04
6.21203244e-01,2.16757193e-01,1.65098131e+00,3.97876114e-01,4.55951843e+02,2.16757188e+04
6.21205151e-01,2.15337798e-01,1.65532780e+00,3.96020472e-01,4.56719269e+02,2.15337793e+04
6.21207058e-01,2.13907972e-01,1.65973449e+00,3.94142866e-01,4.57498108e+02,2.13907969e+04
6.25163853e-01,2.14941815e-01,1.65659475e+00,3.95493597e-01,4.56952454e+02,2.14941816e+04
6.25165761e-01,2.13521719e-01,1.66097724e+00,3.93632621e-01,4.57723480e+02,2.13521719e+04
6.25167608e-01,2.12091401e-01,1.66541958e+00,3.91748518e-01,4.58506561e+02,2.12091406e+04
6.29123390e-01,2.13142067e-01,1.66220152e+00,3.93126011e-01,4.57948242e+02,2.13142070e+04
6.29125059e-01,2.11721703e-01,1.66661966e+00,3.91260117e-01,4.58722870e+02,2.11721699e+04
6.29126847e-01,2.10290983e-01,1.67109752e+00,3.89369518e-01,4.59510193e+02,2.10290977e+04
6.33081496e-01,2.11357534e-01,1.66780210e+00,3.90772760e-01,4.58939301e+02,2.11357539e+04
6.33083045e-01,2.09937230e-01,1.67225480e+00,3.88902366e-01,4.59717377e+02,2.09937227e+04
6.33084714e-01,2.08506152e-01,1.67676854e+00,3.87005180e-01,4.60509064e+02,2.08506152e+04
6.37038171e-01,2.09587753e-01,1.67339885e+00,3.88433576e-01,4.59926086e+02,2.09587754e+04
6.37039721e-01,2.08167523e-01,1.67788577e+00,3.86558175e-01,4.60707703e+02,2.08167520e+04
6.37041152e-01,2.06736147e-01,1.68243456e+00,3.84654403e-01,4.61503540e+02,2.06736152e+04
6.40992165e-01,2.09242523e-01,1.67454708e+00,3.87974560e-01,4.60134430e+02,2.09242520e+04
6.40993536e-01,2.07832113e-01,1.67899251e+00,3.86107534e-01,4.60908752e+02,2.07832109e+04
6.40994847e-01,2.06411615e-01,1.68351507e+00,3.84226590e-01,4.61694183e+02,2.06411621e+04
6.44946218e-01,2.07501292e-01,1.68010032e+00,3.85665387e-01,4.61109772e+02,2.07501289e+04
6.44947410e-01,2.06090510e-01,1.68458307e+00,3.83794248e-01,4.61887512e+02,2.06090508e+04
6.44948602e-01,2.04669282e-01,1.68914330e+00,3.81907046e-01,4.62677124e+02,2.04669277e+04
6.48898900e-01,2.05773190e-01,1.68565404e+00,3.83368760e-01,4.62081421e+02,2.05773184e+04
6.48899853e-01,2.04361305e-01,1.69017601e+00,3.81492406e-01,4.62862854e+02,2.04361309e+04
6.48900867e-01,2.02938899e-01,1.69477499e+00,3.79597992e-01,4.63656921e+02,2.02938906e+04
6.52849972e-01,2.04058126e-01,1.69120705e+00,3.81083667e-01,4.63049683e+02,2.04058125e+04
6.52850807e-01,2.02644899e-01,1.69576943e+00,3.79201204e-01,4.63835327e+02,2.02644902e+04
6.52851522e-01,2.01220766e-01,1.70041037e+00,3.77299041e-01,4.64634338e+02,2.01220762e+04
6.56799495e-01,2.02357858e-01,1.69675422e+00,3.78813893e-01,4.64012878e+02,2.02357852e+04
6.56800151e-01,2.00942814e-01,1.70135891e+00,3.76924902e-01,4.64802856e+02,2.00942812e+04
6.56800687e-01,1.99516997e-01,1.70604050e+00,3.75014484e-01,4.65606781e+02,1.99516992e+04
6.60747528e-01,2.00668216e-01,1.70230591e+00,3.76550764e-01,4.64974518e+02,2.00668223e+04
6.60747886e-01,1.99251384e-01,1.70695269e+00,3.74654740e-01,4.65768982e+02,1.99251387e+04
6.60748303e-01,1.97823569e-01,1.71167850e+00,3.72736126e-01,4.66578278e+02,1.97823574e+04
6.64693773e-01,2.00331002e-01,1.70347548e+00,3.76104176e-01,4.65178833e+02,2.00330996e+04
6.64693892e-01,1.98921293e-01,1.70810080e+00,3.74212414e-01,4.65971191e+02,1.98921289e+04
6.64694011e-01,1.97501287e-01,1.71279776e+00,3.72307658e-01,4.66771210e+02,1.97501289e+04
6.64694130e-01,1.96071312e-01,1.71756613e+00,3.70378762e-01,4.67585938e+02,1.96071309e+04
6.68650806e-01,1.98852688e-01,1.70837677e+00,3.74116629e-01,4.66025757e+02,1.98852695e+04
6.68650806e-01,1.96030200e-01,1.71773601e+00,3.70320857e-01,4.67619751e+02,1.96030195e+04
6.68650806e-01,1.97446659e-01,1.71301961e+00,3.72226238e-01,4.66818176e+02,1.97446660e+04
6.72619045e-01,1.94609240e-01,1.72254598e+00,3.68399948e-01,4.68443024e+02,1.94609238e+04
6.72619045e-01,1.96022406e-01,1.71780777e+00,3.70303720e-01,4.67640808e+02,1.96022402e+04
6.72619045e-01,1.97425991e-01,1.71314216e+00,3.72196823e-01,4.66845551e+02,1.97425996e+04
6.76587284e-01,1.93209141e-01,1.72731352e+00,3.66504133e-01,4.69255707e+02,1.93209141e+04
6.76587284e-01,1.94619671e-01,1.72255945e+00,3.68409067e-01,4.68453491e+02,1.94619668e+04
6.76587284e-01,1.96020365e-01,1.71787155e+00,3.70301425e-01,4.67657196e+02,1.96020371e+04
6.80555582e-01,1.91828415e-01,1.73205018e+00,3.64631087e-01,4.70060913e+02,1.91828418e+04
6.80555582e-01,1.93235159e-01,1.72727501e+00,3.66535097e-01,4.69257050e+02,1.93235156e+04
6.80555582e-01,1.94632262e-01,1.72257352e+00,3.68427128e-01,4.68460938e+02,1.94632266e+04
6.84523821e-01,1.93261817e-01,1.72724187e+00,3.66572827e-01,4.69256256e+02,1.93261816e+04
6.84523821e-01,1.90466076e-01,1.73675573e+00,3.62779289e-01,4.70858398e+02,1.90466074e+04
6.84523821e-01,1.91868424e-01,1.73196399e+00,3.64681304e-01,4.70054108e+02,1.91868418e+04
6.88492060e-01,1.89121485e-01,1.74142838e+00,3.60947788e-01,4.71647858e+02,1.89121484e+04
6.88492060e-01,1.90519124e-01,1.73662245e+00,3.62847477e-01,4.70843567e+02,1.90519121e+04
6.88492060e-01,1.91908181e-01,1.73188412e+00,3.64737332e-01,4.70045013e+02,1.91908184e+04
6.92460299e-01,1.87793776e-01,1.74607313e+00,3.59135777e-01,4.72430237e+02,1.87793770e+04
6.92460299e-01,1.89186797e-01,1.74125206e+00,3.61033171e-01,4.71625732e+02,1.89186797e+04
6.92460299e-01,1.90571010e-01,1.73650014e+00,3.62920761e-01,4.70826996e+02,1.90571016e+04
6.96428597e-01,1.86482683e-01,1.75068843e+00,3.57342660e-01,4.73205414e+02,1.86482676e+04
6.96428597e-01,1.87871099e-01,1.74585330e+00,3.59237999e-01,4.72400787e+02,1.87871094e+04
6.96428597e-01,1.89250529e-01,1.74108708e+00,3.61123204e-01,4.71601715e+02,1.89250527e+04
7.00396836e-01,1.87946498e-01,1.74564636e+00,3.59344780e-01,4.72369354e+02,1.87946504e+04
7.00396836e-01,1.86571792e-01,1.75042605e+00,3.57461631e-01,4.73168762e+02,1.86571797e+04
7.00396836e-01,1.85187906e-01,1.75527608e+00,3.55568469e-01,4.73973572e+02,1.85187910e+04
7.04365075e-01,1.83909357e-01,1.75983489e+00,3.53812903e-01,4.74734741e+02,1.83909355e+04
7.04365075e-01,1.85288340e-01,1.75497210e+00,3.55703533e-01,4.73929993e+02,1.85288340e+04
7.04365075e-01,1.86658576e-01,1.75017715e+00,3.57584804e-01,4.73129944e+02,1.86658574e+04
7.08333313e-01,1.82646722e-01,1.76436591e+00,3.52075815e-01,4.75489014e+02,1.82646719e+04
7.08333313e-01,1.84020787e-01,1.75949025e+00,3.53963852e-01,4.74684296e+02,1.84020781e+04
7.08333313e-01,1.85386389e-01,1.75468087e+00,3.55843008e-01,4.73883789e+02,1.85386387e+04
7.12301552e-01,1.81399673e-01,1.76886928e+00,3.50356728e-01,4.76236572e+02,1.81399668e+04
7.12301552e-01,1.82768926e-01,1.76398039e+00,3.52242380e-01,4.75431702e+02,1.82768926e+04
7.12301552e-01,1.84129730e-01,1.75915718e+00,3.54119271e-01,4.74630737e+02,1.84129727e+04
7.16269791e-01,1.82888567e-01,1.76360631e+00,3.52413505e-01,4.75370972e+02,1.82888574e+04
7.16269791e-01,1.81532517e-01,1.76844287e+00,3.50538880e-01,4.76172363e+02,1.81532520e+04
7.16269791e-01,1.80167809e-01,1.77334583e+00,3.48655462e-01,4.76977417e+02,1.80167812e+04
7.20238149e-01,1.78950757e-01,1.77779603e+00,3.46971124e-01,4.77711884e+02,1.78950762e+04
7.20238149e-01,1.80311114e-01,1.77287889e+00,3.48852903e-01,4.76906433e+02,1.80311113e+04
7.20238149e-01,1.81662619e-01,1.76802778e+00,3.50725472e-01,4.76104431e+02,1.81662617e+04
7.24206388e-01,1.77748218e-01,1.78222132e+00,3.45303893e-01,4.78440063e+02,1.77748223e+04
7.24206388e-01,1.79104418e-01,1.77728915e+00,3.47184092e-01,4.77634094e+02,1.79104414e+04
7.24206388e-01,1.80451602e-01,1.77242231e+00,3.49054843e-01,4.76831299e+02,1.80451602e+04
7.28174627e-01,1.79255202e-01,1.77679026e+00,3.47401232e-01,4.77551697e+02,1.79255195e+04
7.28174627e-01,1.77912071e-01,1.78167403e+00,3.45532209e-01,4.78355438e+02,1.77912070e+04
7.28174627e-01,1.76560134e-01,1.78662097e+00,3.43653560e-01,4.79161957e+02,1.76560137e+04
7.32142866e-01,1.75386459e-01,1.79099357e+00,3.42020124e-01,4.79877350e+02,1.75386465e+04
7.32142866e-01,1.76734075e-01,1.78603208e+00,3.43897015e-01,4.79070282e+02,1.76734082e+04
7.32142866e-01,1.78073093e-01,1.78113246e+00,3.45764488e-01,4.78265656e+02,1.78073086e+04
7.36111104e-01,1.74227163e-01,1.79534006e+00,3.40403736e-01,4.80586426e+02,1.74227168e+04
7.36111104e-01,1.75570294e-01,1.79036438e+00,3.42278481e-01,4.79778931e+02,1.75570293e+04
7.36111104e-01,1.76905140e-01,1.78544903e+00,3.44144434e-01,4.78973358e+02,1.76905137e+04
7.40079403e-01,1.74420759e-01,1.79466987e+00,3.40677083e-01,4.80481018e+02,1.74420762e+04
7.40079403e-01,1.75751448e-01,1.78973842e+00,3.42541039e-01,4.79674591e+02,1.75751445e+04
7.40079403e-01,1.73082396e-01,1.79965794e+00,3.38804573e-01,4.81288879e+02,1.73082402e+04
7.44047642e-01,1.73285678e-01,1.79894674e+00,3.39092761e-01,4.81176514e+02,1.73285684e+04
7.44047642e-01,1.74611837e-01,1.79400098e+00,3.40954363e-01,4.80369446e+02,1.74611836e+04
7.44047642e-01,1.71952143e-01,1.80394733e+00,3.37222844e-01,4.81984619e+02,1.71952148e+04
7.48015881e-01,1.73486292e-01,1.79823601e+00,3.39384466e-01,4.81057861e+02,1.73486289e+04
7.48015881e-01,1.70836464e-01,1.80820775e+00,3.35658669e-01,4.82673767e+02,1.70836465e+04
7.48015881e-01,1.72164977e-01,1.80319512e+00,3.37525785e-01,4.81865326e+02,1.72164980e+04
7.51984119e-01,1.69735178e-01,1.81243825e+00,3.34111929e-01,4.83356079e+02,1.69735176e+04
7.51984119e-01,1.71058416e-01,1.80741501e+00,3.35975885e-01,4.82547485e+02,1.71058418e+04
7.51984119e-01,1.72374576e-01,1.80244398e+00,3.37831020e-01,4.81739899e+02,1.72374570e+04
7.55952358e-01,1.68648034e-01,1.81664038e+00,3.32582504e-01,4.84031830e+02,1.68648027e+04
7.55952358e-01,1.69965863e-01,1.81160593e+00,3.34442824e-01,4.83223053e+02,1.69965859e+04
7.55952358e-01,1.71276540e-01,1.80662537e+00,3.36293936e-01,4.82415771e+02,1.71276543e+04
7.59920597e-01,1.67574868e-01,1.82081306e+00,3.31070006e-01,4.84700958e+02,1.67574863e+04
7.59920597e-01,1.68887034e-01,1.81576884e+00,3.32926333e-01,4.83892242e+02,1.68887031e+04
7.59920597e-01,1.70192108e-01,1.81077862e+00,3.34773183e-01,4.83085205e+02,1.70192109e+04
7.63888896e-01,1.69121012e-01,1.81490529e+00,3.33268434e-01,4.83748535e+02,1.69121016e+04
7.63888896e-01,1.67821676e-01,1.81990409e+00,3.31426233e-01,4.84555023e+02,1.67821680e+04
7.63888896e-01,1.66515604e-01,1.82495534e+00,3.29574287e-01,4.85363434e+02,1.66515605e+04
7.67857134e-01,1.65469840e-01,1.82906950e+00,3.28095287e-01,4.86019470e+02,1.65469844e+04
7.67857134e-01,1.66769981e-01,1.82400966e+00,3.29942703e-01,4.85211243e+02,1.66769980e+04
7.67857134e-01,1.68063432e-01,1.81900358e+00,3.31779957e-01,4.84405579e+02,1.68063438e+04
7.71825373e-01,1.64437622e-01,1.83315396e+00,3.26632857e-01,4.86668915e+02,1.64437617e+04
7.71825373e-01,1.65731624e-01,1.82808769e+00,3.28475505e-01,4.85861206e+02,1.65731621e+04
7.71825373e-01,1.67019203e-01,1.82307374e+00,3.30307722e-01,4.85056244e+02,1.67019199e+04
7.75793612e-01,1.63418517e-01,1.83721030e+00,3.25186670e-01,4.87312073e+02,1.63418516e+04
7.75793612e-01,1.64706618e-01,1.83213580e+00,3.27024579e-01,4.86504639e+02,1.64706621e+04
7.75793612e-01,1.65988460e-01,1.82711387e+00,3.28851789e-01,4.85700439e+02,1.65988457e+04
7.79761970e-01,1.64970845e-01,1.83112609e+00,3.27411920e-01,4.86338501e+02,1.64970840e+04
7.79761970e-01,1.63694635e-01,1.83615589e+00,3.25589836e-01,4.87141785e+02,1.63694639e+04
7.79761970e-01,1.62412897e-01,1.84123683e+00,3.23757261e-01,4.87948669e+02,1.62412891e+04
7.83730209e-01,1.61422208e-01,1.84522498e+00,3.22346419e-01,4.88577606e+02,1.61422207e+04
7.83730209e-01,1.62695855e-01,1.84014630e+00,3.24171096e-01,4.87772644e+02,1.62695850e+04
7.83730209e-01,1.63966134e-01,1.83511007e+00,3.25987726e-01,4.86970428e+02,1.63966133e+04
7.87698448e-01,1.60451457e-01,1.84915590e+00,3.20961952e-01,4.89195709e+02,1.60451455e+04
7.87698448e-01,1.61712289e-01,1.84409809e+00,3.22771728e-01,4.88395660e+02,1.61712285e+04
7.87698448e-01,1.62974581e-01,1.83906448e+00,3.24579865e-01,4.87596008e+02,1.62974580e+04
7.91666687e-01,1.59501046e-01,1.85302210e+00,3.19604158e-01,4.89801575e+02,1.59501045e+04
7.91666687e-01,1.60746589e-01,1.84800100e+00,3.21395785e-01,4.89009155e+02,1.60746582e+04
7.91666687e-01,1.61997125e-01,1.84298372e+00,3.23189110e-01,4.88214630e+02,1.61997129e+04
7.95634925e-01,1.61038876e-01,1.84684920e+00,3.21824551e-01,4.88822571e+02,1.61038877e+04
7.95634925e-01,1.59806356e-01,1.85181534e+00,3.20052594e-01,4.89607483e+02,1.59806357e+04
7.95634925e-01,1.58552438e-01,1.85690415e+00,3.18246841e-01,4.90408386e+02,1.58552441e+04
7.99603164e-01,1.57524407e-01,1.86116385e+00,3.16778630e-01,4.91071320e+02,1.57524404e+04
7.99603164e-01,1.58858716e-01,1.85569346e+00,3.18699330e-01,4.90213409e+02,1.58858721e+04
7.99603164e-01,1.60100937e-01,1.85065043e+00,3.20484966e-01,4.89419769e+02,1.60100938e+04
8.03571463e-01,1.56357571e-01,1.86605561e+00,3.15113395e-01,4.91829498e+02,1.56357568e+04
8.03571463e-01,1.57842517e-01,1.85986710e+00,3.17242593e-01,4.90865173e+02,1.57842520e+04
8.03571463e-01,1.59166709e-01,1.85446060e+00,3.19149673e-01,4.90016327e+02,1.59166709e+04
8.07539701e-01,1.55158132e-01,1.87113047e+00,3.13384295e-01,4.92625336e+02,1.55158125e+04
8.07539701e-01,1.56610385e-01,1.86503470e+00,3.15487921e-01,4.91665619e+02,1.56610381e+04
8.07539701e-01,1.58170775e-01,1.85856199e+00,3.17726403e-01,4.90656525e+02,1.58170781e+04
8.11507940e-01,1.57052517e-01,1.86322868e+00,3.16131145e-01,4.91381714e+02,1.57052520e+04
8.11507940e-01,1.55210778e-01,1.87078822e+00,3.13445479e-01,4.92570679e+02,1.55210771e+04
8.11507940e-01,1.54161066e-01,1.87558758e+00,3.12005013e-01,4.93296356e+02,1.54161064e+04
8.15476179e-01,1.53810784e-01,1.87670445e+00,3.11409473e-01,4.93500244e+02,1.53810781e+04
8.15476179e-01,1.54204145e-01,1.87530994e+00,3.12112689e-01,4.93207214e+02,1.54204141e+04
8.15476179e-01,1.55816138e-01,1.86842906e+00,3.14355522e-01,4.92193970e+02,1.55816143e+04
8.19444418e-01,1.54253066e-01,1.87421310e+00,3.11874479e-01,4.93185150e+02,1.54253066e+04
8.19444418e-01,1.54031351e-01,1.87562883e+00,3.11732680e-01,4.93315002e+02,1.54031357e+04
8.19444418e-01,1.54724941e-01,1.87315738e+00,3.12805384e-01,4.92925598e+02,1.54724941e+04
8.23412657e-01,1.57114536e-01,1.86195886e+00,3.16006750e-01,4.91240417e+02,1.57114531e+04
8.23412657e-01,1.54409349e-01,1.87337446e+00,3.12084794e-01,4.93047882e+02,1.54409346e+04
8.23412657e-01,1.54340476e-01,1.87476408e+00,3.12274069e-01,4.93154022e+02,1.54340469e+04
8.27380955e-01,1.54657289e-01,1.87254822e+00,3.12462717e-01,4.92927582e+02,1.54657295e+04
8.27380955e-01,1.57112524e-01,1.86186755e+00,3.16011488e-01,4.91209503e+02,1.57112529e+04
8.27380955e-01,1.66805327e-01,1.82148600e+00,3.29595417e-01,4.84846466e+02,1.66805332e+04
8.31349194e-01,1.84168443e-01,1.75492978e+00,3.53496045e-01,4.73957123e+02,1.84168438e+04
8.31349194e-01,1.66801780e-01,1.82199991e+00,3.29726249e-01,4.84881836e+02,1.66801777e+04
8.31349194e-01,1.56929985e-01,1.86287391e+00,3.15763623e-01,4.91382172e+02,1.56929990e+04
8.35317433e-01,1.97458267e-01,1.70825851e+00,3.71454865e-01,4.66017487e+02,1.97458262e+04
8.35317433e-01,1.90247044e-01,1.73536897e+00,3.62104684e-01,4.70649628e+02,1.90247051e+04
8.35317433e-01,1.65149048e-01,1.82843733e+00,3.27332318e-01,4.85945618e+02,1.65149043e+04
8.39285672e-01,2.09678009e-01,1.66732013e+00,3.87640953e-01,4.58822418e+02,2.09678008e+04
8.39285672e-01,2.12630823e-01,1.66172957e+00,3.92188460e-01,4.57815063e+02,2.12630820e+04
8.39285672e-01,1.81578502e-01,1.76492393e+00,3.50051284e-01,4.75615906e+02,1.81578496e+04
8.43253911e-01,1.96785152e-01,1.71077991e+00,3.70623767e-01,4.66431274e+02,1.96785156e+04
8.43253911e-01,2.18565241e-01,1.64449525e+00,4.00061399e-01,4.54803558e+02,2.18565234e+04
8.43253911e-01,2.16497600e-01,1.64536095e+00,3.96600038e-01,4.54857544e+02,2.16497598e+04
8.47222269e-01,2.17519656e-01,1.64280546e+00,3.97932649e-01,4.54458923e+02,2.17519648e+04
8.47222269e-01,2.19055176e-01,1.64291227e+00,4.00678456e-01,4.54524353e+02,2.19055176e+04
8.47222269e-01,2.08814591e-01,1.67145789e+00,3.86669636e-01,4.59589264e+02,2.08814590e+04
8.51190507e-01,2.17325464e-01,1.64358258e+00,3.97707701e-01,4.54599396e+02,2.17325469e+04
8.51190507e-01,2.19570845e-01,1.64156735e+00,4.01459605e-01,4.54243958e+02,2.19570840e+04
8.51190507e-01,2.16215461e-01,1.64567864e+00,3.96205157e-01,4.54875305e+02,2.16215469e+04
8.55158746e-01,2.17125833e-01,1.64426649e+00,3.97464544e-01,4.54718658e+02,2.17125840e+04
8.55158746e-01,2.20531315e-01,1.63813937e+00,4.02461350e-01,4.53719971e+02,2.20531309e+04
8.55158746e-01,2.17716232e-01,1.64262819e+00,3.98273826e-01,4.54420410e+02,2.17716230e+04
8.59126985e-01,2.17239916e-01,1.64452016e+00,3.97740543e-01,4.54750427e+02,2.17239922e+04
8.59126985e-01,2.20486224e-01,1.63861501e+00,4.02571529e-01,4.53743225e+02,2.20486230e+04
8.59126985e-01,2.17036933e-01,1.64447629e+00,3.97318631e-01,4.54767059e+02,2.17036934e+04
8.63095284e-01,2.16907769e-01,1.64488864e+00,3.97155493e-01,4.54839111e+02,2.16907773e+04
8.63095284e-01,2.20393360e-01,1.63894379e+00,4.02468503e-01,4.53796783e+02,2.20393359e+04
8.63095284e-01,2.17077598e-01,1.64508569e+00,3.97522897e-01,4.54861267e+02,2.17077598e+04
8.67063522e-01,2.16891810e-01,1.64490581e+00,3.97123635e-01,4.54845367e+02,2.16891816e+04
8.67063522e-01,2.20390156e-01,1.63896930e+00,4.02472883e-01,4.53798035e+02,2.20390156e+04
8.67063522e-01,2.17093647e-01,1.64496493e+00,3.97503585e-01,4.54855743e+02,2.17093652e+04
8.71031761e-01,2.16920719e-01,1.64479387e+00,3.97149742e-01,4.54829712e+02,2.16920723e+04
8.71031761e-01,2.20332593e-01,1.63913107e+00,4.02394295e-01,4.53827850e+02,2.20332598e+04
8.71031761e-01,2.17039987e-01,1.64512110e+00,3.97428423e-01,4.54885712e+02,2.17039980e+04
8.75000000e-01,2.16989428e-01,1.64526069e+00,3.97357672e-01,4.54911804e+02,2.16989434e+04
8.75000000e-01,2.16955885e-01,1.64469719e+00,3.97202343e-01,4.54809784e+02,2.16955879e+04
8.75000000e-01,2.20343724e-01,1.63908637e+00,4.02409434e-01,4.53818420e+02,2.20343730e+04
8.78968239e-01,2.16940880e-01,1.64474225e+00,3.97180468e-01,4.54819031e+02,2.16940879e+04
8.78968239e-01,2.20302761e-01,1.63929856e+00,4.02404219e-01,4.53837921e+02,2.20302754e+04
8.78968239e-01,2.16913790e-01,1.64550853e+00,3.97271186e-01,4.54950562e+02,2.16913789e+04
8.82936478e-01,2.16864720e-01,1.64498186e+00,3.97083312e-01,4.54861084e+02,2.16864727e+04
8.82936478e-01,2.20221192e-01,1.63948107e+00,4.02260989e-01,4.53885193e+02,2.20221191e+04
8.82936478e-01,2.16527790e-01,1.64662719e+00,3.96729916e-01,4.55164795e+02,2.16527793e+04
8.86904776e-01,2.19913185e-01,1.64049256e+00,4.01882887e-01,4.54060944e+02,2.19913184e+04
8.86904776e-01,2.16276363e-01,1.64765453e+00,3.96527588e-01,4.55300385e+02,2.16276367e+04
8.86904776e-01,2.16510296e-01,1.64607537e+00,3.96615475e-01,4.55059479e+02,2.16510293e+04
8.90873015e-01,2.16325432e-01,1.64676988e+00,3.96434873e-01,4.55160736e+02,2.16325430e+04
8.90873015e-01,2.19385684e-01,1.64182425e+00,4.01135743e-01,4.54306732e+02,2.19385684e+04
8.90873015e-01,2.16381967e-01,1.64662552e+00,3.96328568e-01,4.55241364e+02,2.16381973e+04
8.94841254e-01,2.16349348e-01,1.64636600e+00,3.96309078e-01,4.55146484e+02,2.16349355e+04
8.94841254e-01,2.19291389e-01,1.64282835e+00,4.01109576e-01,4.54501648e+02,2.19291387e+04
8.94841254e-01,2.17432186e-01,1.64345384e+00,3.97742510e-01,4.54655487e+02,2.17432188e+04
8.98809493e-01,2.23123834e-01,1.62623787e+00,4.05241191e-01,4.51506775e+02,2.23123828e+04
8.98809493e-01,2.16804221e-01,1.64473701e+00,3.96800250e-01,4.54892090e+02,2.16804219e+04
8.98809493e-01,2.20597088e-01,1.63700736e+00,4.02552724e-01,4.53422577e+02,2.20597090e+04
9.02777731e-01,2.29845300e-01,1.60953116e+00,4.14486051e-01,4.48462585e+02,2.29845293e+04
9.02777731e-01,2.40496859e-01,1.57528520e+00,4.27470535e-01,4.42104370e+02,2.40496855e+04
9.02777731e-01,2.19775543e-01,1.63575566e+00,4.00757462e-01,4.53243256e+02,2.19775547e+04
9.06746089e-01,2.31447756e-01,1.60076058e+00,4.15877849e-01,4.46821442e+02,2.31447754e+04
9.06746089e-01,2.50689656e-01,1.55171216e+00,4.41153526e-01,4.37671753e+02,2.50689648e+04
9.06746089e-01,2.61767566e-01,1.51558423e+00,4.53828216e-01,4.30681549e+02,2.61767559e+04
9.10714209e-01,2.53156513e-01,1.53907061e+00,4.43067998e-01,4.35293213e+02,2.53156504e+04
9.10714209e-01,2.69630522e-01,1.50084460e+00,4.64711994e-01,4.27752258e+02,2.69630527e+04
9.10714209e-01,2.73029119e-01,1.48593855e+00,4.67514545e-01,4.24885376e+02,2.73029121e+04
9.14682567e-01,2.76881814e-01,1.47604716e+00,4.72256631e-01,4.22885132e+02,2.76881816e+04
9.14682567e-01,2.69012332e-01,1.49523473e+00,4.62543726e-01,4.26661133e+02,2.69012324e+04
9.14682567e-01,2.77690917e-01,1.48162746e+00,4.74566102e-01,4.24068024e+02,2.77690918e+04
9.18650806e-01,2.77992338e-01,1.47464645e+00,4.73735750e-01,4.22668823e+02,2.77992324e+04
9.18650806e-01,2.78964072e-01,1.47798765e+00,4.76089746e-01,4.23315857e+02,2.78964062e+04
9.18650806e-01,2.75350302e-01,1.47968709e+00,4.70268220e-01,4.23646729e+02,2.75350312e+04
9.22619045e-01,2.77319014e-01,1.47510386e+00,4.72800046e-01,4.22705261e+02,2.77319004e+04
9.22619045e-01,2.78821230e-01,1.47791970e+00,4.76187736e-01,4.23144501e+02,2.78821230e+04
9.22619045e-01,2.77691007e-01,1.47589791e+00,4.73453403e-01,4.22924255e+02,2.77690996e+04
9.26587343e-01,2.76454210e-01,1.47912467e+00,4.72007185e-01,4.23551361e+02,2.76454199e+04
9.26587343e-01,2.77680457e-01,1.47531450e+00,4.73335057e-01,4.22801971e+02,2.77680469e+04
9.26587343e-01,2.77998686e-01,1.47969055e+00,4.75051075e-01,4.23531921e+02,2.77998691e+04
9.30555582e-01,2.76617825e-01,1.48299491e+00,4.73264605e-01,4.24220581e+02,2.76617812e+04
9.30555582e-01,2.75115371e-01,1.48263764e+00,4.70437914e-01,4.24233856e+02,2.75115371e+04
9.30555582e-01,2.76803583e-01,1.47776067e+00,4.72334534e-01,4.23281342e+02,2.76803574e+04
9.34523821e-01,2.74020970e-01,1.48558474e+00,4.69152182e-01,4.24811737e+02,2.74020977e+04
9.34523821e-01,2.75437623e-01,1.48135197e+00,4.70728517e-01,4.23983215e+02,2.75437637e+04
9.34523821e-01,2.75264561e-01,1.48623991e+00,4.71554935e-01,4.24875763e+02,2.75264570e+04
9.38492060e-01,2.74257123e-01,1.48451757e+00,4.69341874e-01,4.24603607e+02,2.74257129e+04
9.38492060e-01,2.74149328e-01,1.48887730e+00,4.70146358e-01,4.25402435e+02,2.74149316e+04
9.38492060e-01,2.73078918e-01,1.48815584e+00,4.68042493e-01,4.25318115e+02,2.73078906e+04
9.42460299e-01,2.73302287e-01,1.48713589e+00,4.68216002e-01,4.25121582e+02,2.73302285e+04
9.42460299e-01,2.73187488e-01,1.49114871e+00,4.68930244e-01,4.25854523e+02,2.73187480e+04
9.42460299e-01,2.72194684e-01,1.49056911e+00,4.66999471e-01,4.25792236e+02,2.72194688e+04
9.46428537e-01,2.72268623e-01,1.49333978e+00,4.67770010e-01,4.26290131e+02,2.72268633e+04
9.46428537e-01,2.71324992e-01,1.49292982e+00,4.65968519e-01,4.26255524e+02,2.71325000e+04
9.46428537e-01,2.72421062e-01,1.48956645e+00,4.67176765e-01,4.25601959e+02,2.72421074e+04
9.50396836e-01,2.71540463e-01,1.49198055e+00,4.66135681e-01,4.26077179e+02,2.71540449e+04
9.50396836e-01,2.71342665e-01,1.49557292e+00,4.66603875e-01,4.26733276e+02,2.71342656e+04
9.50396836e-01,2.70447075e-01,1.49530125e+00,4.64923561e-01,4.26720093e+02,2.70447070e+04
9.54365075e-01,2.70654738e-01,1.49439216e+00,4.65084285e-01,4.26550629e+02,2.70654746e+04
9.54365075e-01,2.70409018e-01,1.49784613e+00,4.65430498e-01,4.27183411e+02,2.70409004e+04
9.54365075e-01,2.69555151e-01,1.49770379e+00,4.63857591e-01,4.27190338e+02,2.69555137e+04
9.58333313e-01,2.68656194e-01,1.50012016e+00,4.62777346e-01,4.27663757e+02,2.68656191e+04
9.58333313e-01,2.69776314e-01,1.49677813e+00,4.64039057e-01,4.27017914e+02,2.69776309e+04
9.58333313e-01,2.69484133e-01,1.50011575e+00,4.64270145e-01,4.27631836e+02,2.69484121e+04
9.62301552e-01,2.67762452e-01,1.50251985e+00,4.61700171e-01,4.28133331e+02,2.67762441e+04
9.62301552e-01,2.68911064e-01,1.49912512e+00,4.63004053e-01,4.27478088e+02,2.68911074e+04
9.62301552e-01,2.68577099e-01,1.50235724e+00,4.63133931e-01,4.28073547e+02,2.68577090e+04
9.66269791e-01,2.68049359e-01,1.50145829e+00,4.61970717e-01,4.27934631e+02,2.68049355e+04
9.66269791e-01,2.67685443e-01,1.50457072e+00,4.62015480e-01,4.28509766e+02,2.67685449e+04
9.66269791e-01,2.66881824e-01,1.50488460e+00,4.60635483e-01,4.28595886e+02,2.66881816e+04
9.70238030e-01,2.67179191e-01,1.50380814e+00,4.60923910e-01,4.28393768e+02,2.67179199e+04
9.70238030e-01,2.66796410e-01,1.50679612e+00,4.60902929e-01,4.28947113e+02,2.66796406e+04
9.70238030e-01,2.66009122e-01,1.50722551e+00,4.59576398e-01,4.29053711e+02,2.66009121e+04
9.74206388e-01,2.65135795e-01,1.50956762e+00,4.58514839e-01,4.29510773e+02,2.65135781e+04
9.74206388e-01,2.66293794e-01,1.50619435e+00,4.59854066e-01,4.28860016e+02,2.66293809e+04
9.74206388e-01,2.65900135e-01,1.50905144e+00,4.59782034e-01,4.29389435e+02,2.65900137e+04
9.78174627e-01,2.65398860e-01,1.50860250e+00,4.58769500e-01,4.29329865e+02,2.65398848e+04
9.78174627e-01,2.64994532e-01,1.51134706e+00,4.58650798e-01,4.29838806e+02,2.64994531e+04
9.78174627e-01,2.64254302e-01,1.51193142e+00,4.57440406e-01,4.29971741e+02,2.64254316e+04
9.82142866e-01,2.64503568e-01,1.51100874e+00,4.57680434e-01,4.29799164e+02,2.64503574e+04
9.82142866e-01,2.64081866e-01,1.51366949e+00,4.57509309e-01,4.30293121e+02,2.64081855e+04
9.82142866e-01,2.63363570e-01,1.51431727e+00,4.56350178e-01,4.30437012e+02,2.63363574e+04
9.86111104e-01,2.63177544e-01,1.51599622e+00,4.56384152e-01,4.30746033e+02,2.63177559e+04
9.86111104e-01,2.63615519e-01,1.51339948e+00,4.56603497e-01,4.30262451e+02,2.63615527e+04
9.86111104e-01,2.62469679e-01,1.51671839e+00,4.55257654e-01,4.30903412e+02,2.62469668e+04
9.90079403e-01,2.62314320e-01,1.51819587e+00,4.55299407e-01,4.31175690e+02,2.62314316e+04
9.90079403e-01,2.62772590e-01,1.51566148e+00,4.55570221e-01,4.30703705e+02,2.62772598e+04
9.90079403e-01,2.61612236e-01,1.51901281e+00,4.54201788e-01,4.31350220e+02,2.61612227e+04
9.94047582e-01,2.61398882e-01,1.52059460e+00,4.54171240e-01,4.31637878e+02,2.61398887e+04
9.94047582e-01,2.61878580e-01,1.51810038e+00,4.54497993e-01,4.31169983e+02,2.61878574e+04
9.94047582e-01,2.60711968e-01,1.52145374e+00,4.53109473e-01,4.31818909e+02,2.60711953e+04
9.98015881e-01,2.60143101e-01,1.52382219e+00,4.52586740e-01,4.32268463e+02,2.60143105e+04
9.98015881e-01,2.60619134e-01,1.52147400e+00,4.52933609e-01,4.31831604e+02,2.60619121e+04
9.98015881e-01,2.59452760e-01,1.52482688e+00,4.51542974e-01,4.32478149e+02,2.59452773e+04
