x,M_axis_run1,M_axis_run2,Mfit_run1,Mfit_run2
-3.999999910593032837e-02,1.080823987722396851e-01,1.070955842733383179e-01,1.081329807639122009e-01,1.082517132163047791e-01
-3.911668062210083008e-02,1.082700118422508240e-01,1.074890121817588806e-01,1.083142980933189392e-01,1.083807647228240967e-01
-3.823396563529968262e-02,1.086049303412437439e-01,1.078293398022651672e-01,1.086505651473999023e-01,1.087251156568527222e-01
-3.735205531120300293e-02,1.092280149459838867e-01,1.085103750228881836e-01,1.092737242579460144e-01,1.093216389417648315e-01
-3.647118806838989258e-02,1.100474298000335693e-01,1.093731969594955444e-01,1.100900918245315552e-01,1.101630553603172302e-01
-3.559168055653572083e-02,1.111559942364692688e-01,1.104758381843566895e-01,1.111971586942672729e-01,1.112601161003112793e-01
-3.471392393112182617e-02,1.125027313828468323e-01,1.118351966142654419e-01,1.125401630997657776e-01,1.126125976443290710e-01
-3.383839130401611328e-02,1.141493245959281921e-01,1.134637743234634399e-01,1.141815558075904846e-01,1.142387464642524719e-01
-3.296566754579544067e-02,1.160676702857017517e-01,1.153697147965431213e-01,1.160961538553237915e-01,1.161494478583335876e-01
-3.209645301103591919e-02,1.182904168963432312e-01,1.175814196467399597e-01,1.183165684342384338e-01,1.183572039008140564e-01
-3.123156540095806122e-02,1.208192631602287292e-01,1.201068758964538574e-01,1.208435446023941040e-01,1.208781898021697998e-01
-3.037196025252342224e-02,1.236782148480415344e-01,1.229589432477951050e-01,1.237014606595039368e-01,1.237246319651603699e-01
-2.951872348785400391e-02,1.268738210201263428e-01,1.261484771966934204e-01,1.268965005874633789e-01,1.269118189811706543e-01
-2.867306023836135864e-02,1.304316669702529907e-01,1.296999454498291016e-01,1.304524987936019897e-01,1.304562240839004517e-01
-2.783628925681114197e-02,1.343554854393005371e-01,1.336233019828796387e-01,1.343748420476913452e-01,1.343675404787063599e-01
-2.700980380177497864e-02,1.386608332395553589e-01,1.379295885562896729e-01,1.386783421039581299e-01,1.386575400829315186e-01
-2.619504369795322418e-02,1.433532536029815674e-01,1.426166892051696777e-01,1.433686912059783936e-01,1.433350592851638794e-01
-2.539345063269138336e-02,1.484400779008865356e-01,1.477003842592239380e-01,1.484534144401550293e-01,1.484048664569854736e-01
-2.460641227662563324e-02,1.539228707551956177e-01,1.531962156295776367e-01,1.539337933063507080e-01,1.538690477609634399e-01
-2.383522875607013702e-02,1.598021537065505981e-01,1.591013222932815552e-01,1.598104089498519897e-01,1.597277075052261353e-01
-2.308104746043682098e-02,1.660732924938201904e-01,1.654130071401596069e-01,1.660793423652648926e-01,1.659776270389556885e-01
-2.234483510255813599e-02,1.727306544780731201e-01,1.721085906028747559e-01,1.727344393730163574e-01,1.726137548685073853e-01
-2.162735350430011749e-02,1.797644346952438354e-01,1.791866421699523926e-01,1.797663569450378418e-01,1.796264201402664185e-01
-2.092912606894969940e-02,1.871650665998458862e-01,1.866322308778762817e-01,1.871648728847503662e-01,1.870056688785552979e-01
-2.025046572089195251e-02,1.949200034141540527e-01,1.944257616996765137e-01,1.949177682399749756e-01,1.947398036718368530e-01
-1.959145069122314453e-02,2.030158489942550659e-01,2.025593370199203491e-01,2.030117213726043701e-01,2.028155773878097534e-01
-1.895198412239551544e-02,2.114390879869461060e-01,2.110158205032348633e-01,2.114332169294357300e-01,2.112193256616592407e-01
-1.833177916705608368e-02,2.201759964227676392e-01,2.197848260402679443e-01,2.201681435108184814e-01,2.199372947216033936e-01
-1.773039437830448151e-02,2.292131632566452026e-01,2.288538515567779541e-01,2.292034626007080078e-01,2.289562374353408813e-01
-1.714728958904743195e-02,2.385378181934356689e-01,2.382068186998367310e-01,2.385264933109283447e-01,2.382638156414031982e-01
-1.658182963728904724e-02,2.481379806995391846e-01,2.478332817554473877e-01,2.481248378753662109e-01,2.478476017713546753e-01
-1.603330858051776886e-02,2.580022513866424561e-01,2.577209174633026123e-01,2.579872906208038330e-01,2.576965391635894775e-01
-1.550099719315767288e-02,2.681201994419097900e-01,2.678647339344024658e-01,2.681034505367279053e-01,2.677998542785644531e-01
-1.498411688953638077e-02,2.784828841686248779e-01,2.782520949840545654e-01,2.784643173217773438e-01,2.781488895416259766e-01
-1.448191143572330475e-02,2.890814840793609619e-01,2.888697087764739990e-01,2.890610992908477783e-01,2.887353003025054932e-01
-1.399361528456211090e-02,2.999086081981658936e-01,2.997102439403533936e-01,2.998862266540527344e-01,2.995513081550598145e-01
-1.351846568286418915e-02,3.109573721885681152e-01,3.107730746269226074e-01,3.109330236911773682e-01,3.105900883674621582e-01
-1.305573899298906326e-02,3.222224712371826172e-01,3.220503032207489014e-01,3.221959769725799561e-01,3.218460977077484131e-01
-1.260472554713487625e-02,3.336991965770721436e-01,3.335358798503875732e-01,3.336701989173889160e-01,3.333143889904022217e-01
-1.216475944966077805e-02,3.453803360462188721e-01,3.452269732952117920e-01,3.453494012355804443e-01,3.449887931346893311e-01
-1.173519436269998550e-02,3.572641313076019287e-01,3.571154475212097168e-01,3.572307527065277100e-01,3.568662106990814209e-01
-1.131541002541780472e-02,3.693466186523437500e-01,3.691980838775634766e-01,3.693105280399322510e-01,3.689434826374053955e-01
-1.090483460575342178e-02,3.816242218017578125e-01,3.814775347709655762e-01,3.815855085849761963e-01,3.812164962291717529e-01
-1.050291024148464203e-02,3.940945863723754883e-01,3.939496874809265137e-01,3.940529823303222656e-01,3.936828374862670898e-01
-1.010911632329225540e-02,4.067550003528594971e-01,4.066119790077209473e-01,4.067105650901794434e-01,4.063402116298675537e-01
-9.722977876663208008e-03,4.196032285690307617e-01,4.194554984569549561e-01,4.195556938648223877e-01,4.191862940788269043e-01
-9.344011545181274414e-03,4.326375126838684082e-01,4.324867427349090576e-01,4.325867891311645508e-01,4.322192370891571045e-01
-8.971793577075004578e-03,4.458560943603515625e-01,4.456991553306579590e-01,4.458022117614746094e-01,4.454370737075805664e-01
-8.605910465121269226e-03,4.592575430870056152e-01,4.590947926044464111e-01,4.592002332210540771e-01,4.588383138179779053e-01
-8.245969191193580627e-03,4.728406667709350586e-01,4.726721644401550293e-01,4.727799892425537109e-01,4.724214971065521240e-01
-7.891599088907241821e-03,4.866041243076324463e-01,4.864318668842315674e-01,4.865399003028869629e-01,4.861856997013092041e-01
-7.542470004409551620e-03,5.005466938018798828e-01,5.003690123558044434e-01,5.004787445068359375e-01,5.001290440559387207e-01
-7.198237814009189606e-03,5.146665573120117188e-01,5.144862532615661621e-01,5.145952105522155762e-01,5.142506957054138184e-01
-6.858596112579107285e-03,5.289642810821533203e-01,5.287792682647705078e-01,5.288890600204467773e-01,5.285504460334777832e-01
-6.523250136524438858e-03,5.434384942054748535e-01,5.432465076446533203e-01,5.433595776557922363e-01,5.430271625518798828e-01
-6.191922817379236221e-03,5.580879449844360352e-01,5.578885078430175781e-01,5.580049753189086914e-01,5.576796531677246094e-01
-5.864344071596860886e-03,5.729126930236816406e-01,5.727086067199707031e-01,5.728258490562438965e-01,5.725076198577880859e-01
-5.540260113775730133e-03,5.879107117652893066e-01,5.877073407173156738e-01,5.878202319145202637e-01,5.875090956687927246e-01
-5.219437181949615479e-03,6.030825376510620117e-01,6.028782725334167480e-01,6.029883623123168945e-01,6.026846170425415039e-01
-4.901632200926542282e-03,6.184269189834594727e-01,6.182203292846679688e-01,6.183289885520935059e-01,6.180335283279418945e-01
-4.586635157465934753e-03,6.339431405067443848e-01,6.337419152259826660e-01,6.338416934013366699e-01,6.335542798042297363e-01
-4.274225793778896332e-03,6.496313214302062988e-01,6.494333148002624512e-01,6.495262980461120605e-01,6.492471098899841309e-01
-3.964202012866735458e-03,6.654905676841735840e-01,6.652952432632446289e-01,6.653820872306823730e-01,6.651116609573364258e-01
-3.656367072835564613e-03,6.815203428268432617e-01,6.813324093818664551e-01,6.814083456993103027e-01,6.811473369598388672e-01
-3.350533079355955124e-03,6.977206468582153320e-01,6.975397467613220215e-01,6.976055502891540527e-01,6.973530054092407227e-01
-3.046514000743627548e-03,7.140905857086181641e-01,7.139202356338500977e-01,7.139722108840942383e-01,7.137288451194763184e-01
-2.744131954386830330e-03,7.306300401687622070e-01,7.304731607437133789e-01,7.305088639259338379e-01,7.302745580673217773e-01
-2.443212084472179413e-03,7.473389506340026855e-01,7.471985816955566406e-01,7.472150921821594238e-01,7.469895482063293457e-01
-2.143586985766887665e-03,7.642169594764709473e-01,7.640947699546813965e-01,7.640905976295471191e-01,7.638741731643676758e-01
-1.845090999267995358e-03,7.812639474868774414e-01,7.811626791954040527e-01,7.811354994773864746e-01,7.809274196624755859e-01
-1.547559979371726513e-03,7.984806299209594727e-01,7.983999848365783691e-01,7.983499169349670410e-01,7.981503009796142578e-01
-1.250835950486361980e-03,8.158665299415588379e-01,8.158123493194580078e-01,8.157339692115783691e-01,8.155419826507568359e-01
-9.547619847580790520e-04,8.334229588508605957e-01,8.333982825279235840e-01,8.332884907722473145e-01,8.331028819084167480e-01
-6.591820274479687214e-04,8.511513471603393555e-01,8.511546254158020020e-01,8.510149121284484863e-01,8.508331775665283203e-01
-3.639429924078285694e-04,8.690504431724548340e-01,8.690856695175170898e-01,8.689129948616027832e-01,8.687328696250915527e-01
-6.889199721626937389e-05,8.870990872383117676e-01,8.871908783912658691e-01,8.869682550430297852e-01,8.868027925491333008e-01
2.261240006191655993e-04,9.052776694297790527e-01,9.054716825485229492e-01,9.051530361175537109e-01,9.050439596176147461e-01
5.212560063228011131e-04,9.236997365951538086e-01,9.239280223846435547e-01,9.235632419586181641e-01,9.234572052955627441e-01
8.166569750756025314e-04,9.423053264617919922e-01,9.425668716430664062e-01,9.421626329421997070e-01,9.420427083969116211e-01
1.112482044845819473e-03,9.610660076141357422e-01,9.613877534866333008e-01,9.609245061874389648e-01,9.608018398284912109e-01
1.408883021213114262e-03,9.799911975860595703e-01,9.804016351699829102e-01,9.798508882522583008e-01,9.797327518463134766e-01
1.706017996184527874e-03,9.990893602371215820e-01,9.995983839035034180e-01,9.989500641822814941e-01,9.988385438919067383e-01
2.004042966291308403e-03,1.018368721008300781e+00,1.018980264663696289e+00,1.018227577209472656e+00,1.018120884895324707e+00
2.303120912984013557e-03,1.037819147109985352e+00,1.038543701171875000e+00,1.037679076194763184e+00,1.037578940391540527e+00
2.603414934128522873e-03,1.057448148727416992e+00,1.058237552642822266e+00,1.057309627532958984e+00,1.057220458984375000e+00
2.905091969296336174e-03,1.077255845069885254e+00,1.078092575073242188e+00,1.077118158340454102e+00,1.077039957046508789e+00
3.208325011655688286e-03,1.097245454788208008e+00,1.098126411437988281e+00,1.097109794616699219e+00,1.097033381462097168e+00
3.513290081173181534e-03,1.117418527603149414e+00,1.118342161178588867e+00,1.117284893989562988e+00,1.117209196090698242e+00
3.820168087258934975e-03,1.137773990631103516e+00,1.138741016387939453e+00,1.137643098831176758e+00,1.137571096420288086e+00
4.129143897444009781e-03,1.158313274383544922e+00,1.159308433532714844e+00,1.158185005187988281e+00,1.158120632171630859e+00
4.440412856638431549e-03,1.179037570953369141e+00,1.180056810379028320e+00,1.178913116455078125e+00,1.178857326507568359e+00
4.754174966365098953e-03,1.199949979782104492e+00,1.200999975204467773e+00,1.199829697608947754e+00,1.199782848358154297e+00
5.070643965154886246e-03,1.221053838729858398e+00,1.222123146057128906e+00,1.220937490463256836e+00,1.220901370048522949e+00
5.390025209635496140e-03,1.242350101470947266e+00,1.243451476097106934e+00,1.242238521575927734e+00,1.242212772369384766e+00
5.712559912353754044e-03,1.263842463493347168e+00,1.264969825744628906e+00,1.263735890388488770e+00,1.263721942901611328e+00
6.038473919034004211e-03,1.285537719726562500e+00,1.286687970161437988e+00,1.285436034202575684e+00,1.285434007644653320e+00
6.368015892803668976e-03,1.307441592216491699e+00,1.308619618415832520e+00,1.307344555854797363e+00,1.307353973388671875e+00
6.701449863612651825e-03,1.329563975334167480e+00,1.330774545669555664e+00,1.329471468925476074e+00,1.329492092132568359e+00
7.039050105959177017e-03,1.351918578147888184e+00,1.353160262107849121e+00,1.351830124855041504e+00,1.351860880851745605e+00
7.381103001534938812e-03,1.374520182609558105e+00,1.375803351402282715e+00,1.374435186386108398e+00,1.374474167823791504e+00
7.727909833192825317e-03,1.397387266159057617e+00,1.398720622062683105e+00,1.397305011749267578e+00,1.397351384162902832e+00
8.079783990979194641e-03,1.420542240142822266e+00,1.421921730041503906e+00,1.420462131500244141e+00,1.420515537261962891e+00
8.437081240117549896e-03,1.444010496139526367e+00,1.445449471473693848e+00,1.443932056427001953e+00,1.443990826606750488e+00
8.800144307315349579e-03,1.467820525169372559e+00,1.469324231147766113e+00,1.467743277549743652e+00,1.467808127403259277e+00
9.169355034828186035e-03,1.492003321647644043e+00,1.493591785430908203e+00,1.491927742958068848e+00,1.491997718811035156e+00
9.545114822685718536e-03,1.516591548919677734e+00,1.518268942832946777e+00,1.516517996788024902e+00,1.516595125198364258e+00
9.927843697369098663e-03,1.541622161865234375e+00,1.543398618698120117e+00,1.541550874710083008e+00,1.541635036468505859e+00
1.031800918281078339e-02,1.567129850387573242e+00,1.569012641906738281e+00,1.567061543464660645e+00,1.567154645919799805e+00
1.071607042104005814e-02,1.593149304389953613e+00,1.595156908035278320e+00,1.593085885047912598e+00,1.593187570571899414e+00
1.112253963947296143e-02,1.619716167449951172e+00,1.621852874755859375e+00,1.619658708572387695e+00,1.619770050048828125e+00
1.153794862329959869e-02,1.646863937377929688e+00,1.649142742156982422e+00,1.646815061569213867e+00,1.646936178207397461e+00
1.196287572383880615e-02,1.674626588821411133e+00,1.677052259445190430e+00,1.674587726593017578e+00,1.674720644950866699e+00
1.239790767431259155e-02,1.703033566474914551e+00,1.705615282058715820e+00,1.703007340431213379e+00,1.703151822090148926e+00
1.284367498010396957e-02,1.732115745544433594e+00,1.734865427017211914e+00,1.732103943824768066e+00,1.732261896133422852e+00
1.330084353685379028e-02,1.761902213096618652e+00,1.764821290969848633e+00,1.761906862258911133e+00,1.762080192565917969e+00
1.377010159194469452e-02,1.792421102523803711e+00,1.795503377914428711e+00,1.792443394660949707e+00,1.792635202407836914e+00
1.425216905772686005e-02,1.823698401451110840e+00,1.826951026916503906e+00,1.823741555213928223e+00,1.823955059051513672e+00
1.474778633564710617e-02,1.855762958526611328e+00,1.859177112579345703e+00,1.855829000473022461e+00,1.856069207191467285e+00
1.525771524757146835e-02,1.888642668724060059e+00,1.892216563224792480e+00,1.888734459877014160e+00,1.889006137847900391e+00
1.578271761536598206e-02,1.922366261482238770e+00,1.926097154617309570e+00,1.922484397888183594e+00,1.922791481018066406e+00
1.632357574999332428e-02,1.956960082054138184e+00,1.960847020149230957e+00,1.957106351852416992e+00,1.957452297210693359e+00
1.688103191554546356e-02,1.992446064949035645e+00,1.996482372283935547e+00,1.992621421813964844e+00,1.993010282516479492e+00
1.745581068098545074e-02,2.028839826583862305e+00,2.033027410507202148e+00,2.029046535491943359e+00,2.029484033584594727e+00
1.804858818650245667e-02,2.066153526306152344e+00,2.070499420166015625e+00,2.066394805908203125e+00,2.066887617111206055e+00
1.865994371473789215e-02,2.104392051696777344e+00,2.108911514282226562e+00,2.104670047760009766e+00,2.105226039886474609e+00
1.929037272930145264e-02,2.143552303314208984e+00,2.148255348205566406e+00,2.143870115280151367e+00,2.144493818283081055e+00
1.994022913277149200e-02,2.183621644973754883e+00,2.188486099243164062e+00,2.183983325958251953e+00,2.184679031372070312e+00
2.060971036553382874e-02,2.224576711654663086e+00,2.229569911956787109e+00,2.224986076354980469e+00,2.225749969482421875e+00
2.129882201552391052e-02,2.266374349594116211e+00,2.271479368209838867e+00,2.266835927963256836e+00,2.267664194107055664e+00
2.200736477971076965e-02,2.308959245681762695e+00,2.314149856567382812e+00,2.309477329254150391e+00,2.310366630554199219e+00
2.273490838706493378e-02,2.352255105972290039e+00,2.357508182525634766e+00,2.352834224700927734e+00,2.353782892227172852e+00
2.348080463707447052e-02,2.396171569824218750e+00,2.401484727859497070e+00,2.396816253662109375e+00,2.397823333740234375e+00
2.424418181180953979e-02,2.440602779388427734e+00,2.445934534072875977e+00,2.441315412521362305e+00,2.442384481430053711e+00
2.502396516501903534e-02,2.485425949096679688e+00,2.490758180618286133e+00,2.486209869384765625e+00,2.487344026565551758e+00
2.581892907619476318e-02,2.530512332916259766e+00,2.535824060440063477e+00,2.531371831893920898e+00,2.532575845718383789e+00
2.662771940231323242e-02,2.575727224349975586e+00,2.580989360809326172e+00,2.576664924621582031e+00,2.577947854995727539e+00
2.744890749454498291e-02,2.620936632156372070e+00,2.626124143600463867e+00,2.621955156326293945e+00,2.623329162597656250e+00
2.828105352818965912e-02,2.666013002395629883e+00,2.671121835708618164e+00,2.667113065719604492e+00,2.668586254119873047e+00
2.912273257970809937e-02,2.710829973220825195e+00,2.715856313705444336e+00,2.712015867233276367e+00,2.713597536087036133e+00
2.997258864343166351e-02,2.755283117294311523e+00,2.760226726531982422e+00,2.756554841995239258e+00,2.758247137069702148e+00
3.082936257123947144e-02,2.799265623092651367e+00,2.804141998291015625e+00,2.800625324249267578e+00,2.802430391311645508e+00
3.169190883636474609e-02,2.842692613601684570e+00,2.847468376159667969e+00,2.844140052795410156e+00,2.846061944961547852e+00
3.255921229720115662e-02,2.885488033294677734e+00,2.890160322189331055e+00,2.887024402618408203e+00,2.889060735702514648e+00
3.343039378523826599e-02,2.927584171295166016e+00,2.932134628295898438e+00,2.929210186004638672e+00,2.931359052658081055e+00
3.430468961596488953e-02,2.968930721282958984e+00,2.973358154296875000e+00,2.970644474029541016e+00,2.972900152206420898e+00
3.518147021532058716e-02,3.009474277496337891e+00,3.013755798339843750e+00,3.011276483535766602e+00,3.013645887374877930e+00
3.606021776795387268e-02,3.049182415008544922e+00,3.053311586380004883e+00,3.051070690155029297e+00,3.053550958633422852e+00
3.694049268960952759e-02,3.088022470474243164e+00,3.092007398605346680e+00,3.089996337890625000e+00,3.092586994171142578e+00
3.782195225358009338e-02,3.125971794128417969e+00,3.129829883575439453e+00,3.128028392791748047e+00,3.130731821060180664e+00
3.870432078838348389e-02,3.163010120391845703e+00,3.166717052459716797e+00,3.165148496627807617e+00,3.167968750000000000e+00
3.958737850189208984e-02,3.199122667312622070e+00,3.202684402465820312e+00,3.201339483261108398e+00,3.204278707504272461e+00
4.047095775604248047e-02,3.234297990798950195e+00,3.237729787826538086e+00,3.236590147018432617e+00,3.239654302597045898e+00
4.135492444038391113e-02,3.268531084060668945e+00,3.271851062774658203e+00,3.270898342132568359e+00,3.274085283279418945e+00
4.223918169736862183e-02,3.301820755004882812e+00,3.304999351501464844e+00,3.304256677627563477e+00,3.307570219039916992e+00
4.312365129590034485e-02,3.334156990051269531e+00,3.337210178375244141e+00,3.336659431457519531e+00,3.340102195739746094e+00
4.400827363133430481e-02,3.365547418594360352e+00,3.368480205535888672e+00,3.368113756179809570e+00,3.371680974960327148e+00
4.489301145076751709e-02,3.395989179611206055e+00,3.398801088333129883e+00,3.398615837097167969e+00,3.402311325073242188e+00
4.577783122658729553e-02,3.425489664077758789e+00,3.428183555603027344e+00,3.428170919418334961e+00,3.431995153427124023e+00
4.666270688176155090e-02,3.454057931900024414e+00,3.456652402877807617e+00,3.456791162490844727e+00,3.460734605789184570e+00
4.754762724041938782e-02,3.481691360473632812e+00,3.484205484390258789e+00,3.484470367431640625e+00,3.488539457321166992e+00
4.843257367610931396e-02,3.508405208587646484e+00,3.510826587677001953e+00,3.511228561401367188e+00,3.515414476394653320e+00
4.931754246354103088e-02,3.534202337265014648e+00,3.536535263061523438e+00,3.537066221237182617e+00,3.541368007659912109e+00
5.020252242684364319e-02,3.559102773666381836e+00,3.561365127563476562e+00,3.561998367309570312e+00,3.566414117813110352e+00
5.108751356601715088e-02,3.583108663558959961e+00,3.585322856903076172e+00,3.586033105850219727e+00,3.590550661087036133e+00
5.197251215577125549e-02,3.606232404708862305e+00,3.608409166336059570e+00,3.609185218811035156e+00,3.613799571990966797e+00
5.285751074552536011e-02,3.628486394882202148e+00,3.630647659301757812e+00,3.631462812423706055e+00,3.636174201965332031e+00
5.374251678586006165e-02,3.649884462356567383e+00,3.652063369750976562e+00,3.652879714965820312e+00,3.657681703567504883e+00
5.462752282619476318e-02,3.670445203781127930e+00,3.672612190246582031e+00,3.673452854156494141e+00,3.678337812423706055e+00
5.551253259181976318e-02,3.690177202224731445e+00,3.692347526550292969e+00,3.693195104598999023e+00,3.698161125183105469e+00
5.639754235744476318e-02,3.709098100662231445e+00,3.711265087127685547e+00,3.712120294570922852e+00,3.717159271240234375e+00
5.728255212306976318e-02,3.727213382720947266e+00,3.729400873184204102e+00,3.730240106582641602e+00,3.735351324081420898e+00
5.816755816340446472e-02,3.744556903839111328e+00,3.746764183044433594e+00,3.747580051422119141e+00,3.752754211425781250e+00
5.905257165431976318e-02,3.761130332946777344e+00,3.763383150100708008e+00,3.764147758483886719e+00,3.769383192062377930e+00
5.993758514523506165e-02,3.776952743530273438e+00,3.779257535934448242e+00,3.779961347579956055e+00,3.785256862640380859e+00
6.082259491086006165e-02,3.792045354843139648e+00,3.794419527053833008e+00,3.795042037963867188e+00,3.800385236740112305e+00
6.170760467648506165e-02,3.806428670883178711e+00,3.808858156204223633e+00,3.809400320053100586e+00,3.814792156219482422e+00
6.259261816740036011e-02,3.820108652114868164e+00,3.822624921798706055e+00,3.823057174682617188e+00,3.828494548797607422e+00
6.347762793302536011e-02,3.833110332489013672e+00,3.835707187652587891e+00,3.836033105850219727e+00,3.841508626937866211e+00
6.436263769865036011e-02,3.845455169677734375e+00,3.848133802413940430e+00,3.848341464996337891e+00,3.853847265243530273e+00
6.524764746427536011e-02,3.857156991958618164e+00,3.859930753707885742e+00,3.860013723373413086e+00,3.865540981292724609e+00
6.613265722990036011e-02,3.868237972259521484e+00,3.871114969253540039e+00,3.871085882186889648e+00,3.876602172851562500e+00
6.701766699552536011e-02,3.878717899322509766e+00,3.881683111190795898e+00,3.881557703018188477e+00,3.887055873870849609e+00
6.790269166231155396e-02,3.888618230819702148e+00,3.891706466674804688e+00,3.891437053680419922e+00,3.896927595138549805e+00
6.878769397735595703e-02,3.897960186004638672e+00,3.901160478591918945e+00,3.900778770446777344e+00,3.906231164932250977e+00
6.967270374298095703e-02,3.906761407852172852e+00,3.910091161727905273e+00,3.909573316574096680e+00,3.914977312088012695e+00
7.055771350860595703e-02,3.915041685104370117e+00,3.918510437011718750e+00,3.917822122573852539e+00,3.923187494277954102e+00
7.144272327423095703e-02,3.922821044921875000e+00,3.926442861557006836e+00,3.925551414489746094e+00,3.930894613265991211e+00
7.232773303985595703e-02,3.930109739303588867e+00,3.933887720108032227e+00,3.932787179946899414e+00,3.938073635101318359e+00
7.321274280548095703e-02,3.936921834945678711e+00,3.940908908843994141e+00,3.939517736434936523e+00,3.944771289825439453e+00
7.409776002168655396e-02,3.943278074264526367e+00,3.947450160980224609e+00,3.945759773254394531e+00,3.951015710830688477e+00
7.498276978731155396e-02,3.949183225631713867e+00,3.953561305999755859e+00,3.951586008071899414e+00,3.956811904907226562e+00
7.586777955293655396e-02,3.954664945602416992e+00,3.959244966506958008e+00,3.957002639770507812e+00,3.962169885635375977e+00
7.675278931856155396e-02,3.959731817245483398e+00,3.964545249938964844e+00,3.962006092071533203e+00,3.967114210128784180e+00
7.763779908418655396e-02,3.964407444000244141e+00,3.969359874725341797e+00,3.966619491577148438e+00,3.971659421920776367e+00
7.852280884981155396e-02,3.968717575073242188e+00,3.973798274993896484e+00,3.970901250839233398e+00,3.975822925567626953e+00
7.940781861543655396e-02,3.972667932510375977e+00,3.977909564971923828e+00,3.974829435348510742e+00,3.979621410369873047e+00
8.029282838106155396e-02,3.976276874542236328e+00,3.981693267822265625e+00,3.978404998779296875e+00,3.983093976974487305e+00
8.117784559726715088e-02,3.979576587677001953e+00,3.985145092010498047e+00,3.981637001037597656e+00,3.986190319061279297e+00
8.206285536289215088e-02,3.982569694519042969e+00,3.988254785537719727e+00,3.984562158584594727e+00,3.989034175872802734e+00
8.294786512851715088e-02,3.985283374786376953e+00,3.991086006164550781e+00,3.987210750579833984e+00,3.991545915603637695e+00
8.383287489414215088e-02,3.987733840942382812e+00,3.993556499481201172e+00,3.989598989486694336e+00,3.993972778320312500e+00
8.471788465976715088e-02,3.989934682846069336e+00,3.995903968811035156e+00,3.991746902465820312e+00,3.995976686477661133e+00
8.560289442539215088e-02,3.991897821426391602e+00,3.997914552688598633e+00,3.993661880493164062e+00,3.997736930847167969e+00
8.648791164159774780e-02,3.993662834167480469e+00,3.999690771102905273e+00,3.995373964309692383e+00,3.999239683151245117e+00
8.737292140722274780e-02,3.995196819305419922e+00,4.001296520233154297e+00,3.996866941452026367e+00,4.000590324401855469e+00
8.825793117284774780e-02,3.996542930603027344e+00,4.002733707427978516e+00,3.998173713684082031e+00,4.001774787902832031e+00
8.914294093847274780e-02,3.997717142105102539e+00,4.004016399383544922e+00,3.999309539794921875e+00,4.002792835235595703e+00
9.002795070409774780e-02,3.998732566833496094e+00,4.005170345306396484e+00,4.000279903411865234e+00,4.003645896911621094e+00
9.091296046972274780e-02,3.999636888504028320e+00,4.006175994873046875e+00,4.001125335693359375e+00,4.004353523254394531e+00
9.179797768592834473e-02,4.000412464141845703e+00,4.007103919982910156e+00,4.001835823059082031e+00,4.004924297332763672e+00
9.268298745155334473e-02,4.001071929931640625e+00,4.007889270782470703e+00,4.002429485321044922e+00,4.005366325378417969e+00
9.356799721717834473e-02,4.001619338989257812e+00,4.008575439453125000e+00,4.002913475036621094e+00,4.005693912506103516e+00
9.445300698280334473e-02,4.002066135406494141e+00,4.009148597717285156e+00,4.003292083740234375e+00,4.005924701690673828e+00
9.533801674842834473e-02,4.002414703369140625e+00,4.009589195251464844e+00,4.003578662872314453e+00,4.006069660186767578e+00
9.622302651405334473e-02,4.002686977386474609e+00,4.009892463684082031e+00,4.003786087036132812e+00,4.006138801574707031e+00
9.710803627967834473e-02,4.002868175506591797e+00,4.010104656219482422e+00,4.003908634185791016e+00,4.006140232086181641e+00
9.799305349588394165e-02,4.002953052520751953e+00,4.010200500488281250e+00,4.003950119018554688e+00,4.006080627441406250e+00
9.887806326150894165e-02,4.002954006195068359e+00,4.010223388671875000e+00,4.003918170928955078e+00,4.005972385406494141e+00
9.976307302713394165e-02,4.002914428710937500e+00,4.010141849517822266e+00,4.003847122192382812e+00,4.005822658538818359e+00
1.006480827927589417e-01,4.002843856811523438e+00,4.009945392608642578e+00,4.003749370574951172e+00,4.005639076232910156e+00
1.015330925583839417e-01,4.002749443054199219e+00,4.009634017944335938e+00,4.003629684448242188e+00,4.005438804626464844e+00
1.024181023240089417e-01,4.002625942230224609e+00,4.009231090545654297e+00,4.003485679626464844e+00,4.005221366882324219e+00
1.033031120896339417e-01,4.002480030059814453e+00,4.008780002593994141e+00,4.003321170806884766e+00,4.004977703094482422e+00
1.041881293058395386e-01,4.002324104309082031e+00,4.008374691009521484e+00,4.003146171569824219e+00,4.004722595214843750e+00
1.050731390714645386e-01,4.002113819122314453e+00,4.007971763610839844e+00,4.002935886383056641e+00,4.004460334777832031e+00
1.059581488370895386e-01,4.001883983612060547e+00,4.007601737976074219e+00,4.002706050872802734e+00,4.004174232482910156e+00
1.068431586027145386e-01,4.001645088195800781e+00,4.007243156433105469e+00,4.002466678619384766e+00,4.003874778747558594e+00
1.077281683683395386e-01,4.001408100128173828e+00,4.006903171539306641e+00,4.002225399017333984e+00,4.003573417663574219e+00
1.086131781339645386e-01,4.001170635223388672e+00,4.006585597991943359e+00,4.001979351043701172e+00,4.003268718719482422e+00
1.094981804490089417e-01,4.000938892364501953e+00,4.006311893463134766e+00,4.001736164093017578e+00,4.002960205078125000e+00
1.103832051157951355e-01,4.000711917877197266e+00,4.006026268005371094e+00,4.001494407653808594e+00,4.002665519714355469e+00
1.112682148814201355e-01,4.000494956970214844e+00,4.005789756774902344e+00,4.001260757446289062e+00,4.002375602722167969e+00
1.121532246470451355e-01,4.000290870666503906e+00,4.005563735961914062e+00,4.001029014587402344e+00,4.002092838287353516e+00
1.130382344126701355e-01,4.000092983245849609e+00,4.005339622497558594e+00,4.000800609588623047e+00,4.001828670501708984e+00
1.139232516288757324e-01,3.999897956848144531e+00,4.005115985870361328e+00,4.000574111938476562e+00,4.001582622528076172e+00
1.148082539439201355e-01,3.999714136123657227e+00,4.004896163940429688e+00,4.000360965728759766e+00,4.001362800598144531e+00
1.156932637095451355e-01,3.999536275863647461e+00,4.004646778106689453e+00,4.000159740447998047e+00,4.001157283782958984e+00
1.165782809257507324e-01,3.999366044998168945e+00,4.004430770874023438e+00,3.999971866607666016e+00,4.000973224639892578e+00
1.174632906913757324e-01,3.999199151992797852e+00,4.004175662994384766e+00,3.999794960021972656e+00,4.000806331634521484e+00
1.183483004570007324e-01,3.999041795730590820e+00,4.003906250000000000e+00,3.999632596969604492e+00,4.000657081604003906e+00
1.192333102226257324e-01,3.998892307281494141e+00,4.003611087799072266e+00,3.999482154846191406e+00,4.000519752502441406e+00
1.201183199882507324e-01,3.998750686645507812e+00,4.003302574157714844e+00,3.999345541000366211e+00,4.000398635864257812e+00
1.210033297538757324e-01,3.998617887496948242e+00,4.003005981445312500e+00,3.999217033386230469e+00,4.000288486480712891e+00
1.218883469700813293e-01,3.998490333557128906e+00,4.002684593200683594e+00,3.999100685119628906e+00,4.000185012817382812e+00
1.227733567357063293e-01,3.998376607894897461e+00,4.002391815185546875e+00,3.999002695083618164e+00,4.000090599060058594e+00
1.236583665013313293e-01,3.998266935348510742e+00,4.002104282379150391e+00,3.998905420303344727e+00,4.000007629394531250e+00
1.245433762669563293e-01,3.998172044754028320e+00,4.001791954040527344e+00,3.998816728591918945e+00,3.999932527542114258e+00
1.254283934831619263e-01,3.998086452484130859e+00,4.001524925231933594e+00,3.998736143112182617e+00,3.999863624572753906e+00
1.263134032487869263e-01,3.998008489608764648e+00,4.001253604888916016e+00,3.998662233352661133e+00,3.999796628952026367e+00
1.271984130144119263e-01,3.997936964035034180e+00,4.001008987426757812e+00,3.998593330383300781e+00,3.999741077423095703e+00
1.280834227800369263e-01,3.997880220413208008e+00,4.000779151916503906e+00,3.998534202575683594e+00,3.999685764312744141e+00
1.289684325456619263e-01,3.997828245162963867e+00,4.000562667846679688e+00,3.998482227325439453e+00,3.999647140502929688e+00
1.298534423112869263e-01,3.997786283493041992e+00,4.000350475311279297e+00,3.998438596725463867e+00,3.999613046646118164e+00
1.307384520769119263e-01,3.997753143310546875e+00,4.000155448913574219e+00,3.998405694961547852e+00,3.999585628509521484e+00
1.316234618425369263e-01,3.997730731964111328e+00,3.999981880187988281e+00,3.998381853103637695e+00,3.999564886093139648e+00
1.325084716081619263e-01,3.997715234756469727e+00,3.999827861785888672e+00,3.998366355895996094e+00,3.999553680419921875e+00
1.333934813737869263e-01,3.997709989547729492e+00,3.999694347381591797e+00,3.998361349105834961e+00,3.999548196792602539e+00
1.342784911394119263e-01,3.997714757919311523e+00,3.999573707580566406e+00,3.998365402221679688e+00,3.999543905258178711e+00
1.351635009050369263e-01,3.997723102569580078e+00,3.999471426010131836e+00,3.998373508453369141e+00,3.999551296234130859e+00
1.360485106706619263e-01,3.997732877731323242e+00,3.999329805374145508e+00,3.998385667800903320e+00,3.999563455581665039e+00
1.369335353374481201e-01,3.997748374938964844e+00,3.999249219894409180e+00,3.998402833938598633e+00,3.999574661254882812e+00
1.378185451030731201e-01,3.997765541076660156e+00,3.999134063720703125e+00,3.998420000076293945e+00,3.999593973159790039e+00
1.387035548686981201e-01,3.997782230377197266e+00,3.999021053314208984e+00,3.998437404632568359e+00,3.999612808227539062e+00
1.395885646343231201e-01,3.997805118560791016e+00,3.998904943466186523e+00,3.998462438583374023e+00,3.999636888504028320e+00
1.404735743999481201e-01,3.997829914093017578e+00,3.998797416687011719e+00,3.998487472534179688e+00,3.999660491943359375e+00
1.413585990667343140e-01,3.997855424880981445e+00,3.998669624328613281e+00,3.998513460159301758e+00,3.999696493148803711e+00
1.422435939311981201e-01,3.997886896133422852e+00,3.998555660247802734e+00,3.998543262481689453e+00,3.999736547470092773e+00
1.431286036968231201e-01,3.997919797897338867e+00,3.998451709747314453e+00,3.998575925827026367e+00,3.999770164489746094e+00
1.440136134624481201e-01,3.997951269149780273e+00,3.998367547988891602e+00,3.998608827590942383e+00,3.999801397323608398e+00
1.448986232280731201e-01,3.997980594635009766e+00,3.998288869857788086e+00,3.998638153076171875e+00,3.999838352203369141e+00
1.457836329936981201e-01,3.998014688491821289e+00,3.998214483261108398e+00,3.998671531677246094e+00,3.999881505966186523e+00
1.466686427593231201e-01,3.998045444488525391e+00,3.998132944107055664e+00,3.998706102371215820e+00,3.999931335449218750e+00
1.475536525249481201e-01,3.998072862625122070e+00,3.998031377792358398e+00,3.998734951019287109e+00,3.999973773956298828e+00
1.484386622905731201e-01,3.998102903366088867e+00,3.997964382171630859e+00,3.998767852783203125e+00,4.000013828277587891e+00
1.493236869573593140e-01,3.998129367828369141e+00,3.997819900512695312e+00,3.998798131942749023e+00,4.000050544738769531e+00
1.502086967229843140e-01,3.998154401779174805e+00,3.997711420059204102e+00,3.998825788497924805e+00,4.000082015991210938e+00
1.510937064886093140e-01,3.998181343078613281e+00,3.997598886489868164e+00,3.998856067657470703e+00,4.000112533569335938e+00
1.519787162542343140e-01,3.998206377029418945e+00,3.997480869293212891e+00,3.998884439468383789e+00,4.000145912170410156e+00
1.528637260198593140e-01,3.998230218887329102e+00,3.997364759445190430e+00,3.998911142349243164e+00,4.000178813934326172e+00
1.537487357854843140e-01,3.998253107070922852e+00,3.997251510620117188e+00,3.998936414718627930e+00,4.000211715698242188e+00
1.546337455511093140e-01,3.998281955718994141e+00,3.997133493423461914e+00,3.998964786529541016e+00,4.000241279602050781e+00
1.555187553167343140e-01,3.998306989669799805e+00,3.997023344039916992e+00,3.998987913131713867e+00,4.000273704528808594e+00
1.564037650823593140e-01,3.998326301574707031e+00,3.996916532516479492e+00,3.999006748199462891e+00,4.000299930572509766e+00
1.572887748479843140e-01,3.998349428176879883e+00,3.996808528900146484e+00,3.999030590057373047e+00,4.000329971313476562e+00
1.581737846136093140e-01,3.998367786407470703e+00,3.996700286865234375e+00,3.999047517776489258e+00,4.000355720520019531e+00
1.590587943792343140e-01,3.998390674591064453e+00,3.996604681015014648e+00,3.999069213867187500e+00,4.000383853912353516e+00
1.599438041448593140e-01,3.998409748077392578e+00,3.996472358703613281e+00,3.999087095260620117e+00,4.000406265258789062e+00
1.608288288116455078e-01,3.998430967330932617e+00,3.996407270431518555e+00,3.999108314514160156e+00,4.000431537628173828e+00
1.617138385772705078e-01,3.998448133468627930e+00,3.996298789978027344e+00,3.999124050140380859e+00,4.000458240509033203e+00
1.625988483428955078e-01,3.998466253280639648e+00,3.996208429336547852e+00,3.999143600463867188e+00,4.000480651855468750e+00
1.634838581085205078e-01,3.998478651046752930e+00,3.996124744415283203e+00,3.999157190322875977e+00,4.000503063201904297e+00
1.643688678741455078e-01,3.998495817184448242e+00,3.996044874191284180e+00,3.999173402786254883e+00,4.000526428222656250e+00
1.652538776397705078e-01,3.998516798019409180e+00,3.995972633361816406e+00,3.999192476272583008e+00,4.000550270080566406e+00
1.661388874053955078e-01,3.998528718948364258e+00,3.995904445648193359e+00,3.999209165573120117e+00,4.000573158264160156e+00
1.670238971710205078e-01,3.998543739318847656e+00,3.995838880538940430e+00,3.999222040176391602e+00,4.000593662261962891e+00
1.679089069366455078e-01,3.998563289642333984e+00,3.995766639709472656e+00,3.999240159988403320e+00,4.000613689422607422e+00
1.687939167022705078e-01,3.998573303222656250e+00,3.995699644088745117e+00,3.999250411987304688e+00,4.000634670257568359e+00
1.696789264678955078e-01,3.998584747314453125e+00,3.995630025863647461e+00,3.999266386032104492e+00,4.000650405883789062e+00
1.705639362335205078e-01,3.998598098754882812e+00,3.995563983917236328e+00,3.999278783798217773e+00,4.000668048858642578e+00
1.714489459991455078e-01,3.998609066009521484e+00,3.995489358901977539e+00,3.999286890029907227e+00,4.000689029693603516e+00
1.723339557647705078e-01,3.998621940612792969e+00,3.995455503463745117e+00,3.999300241470336914e+00,4.000702857971191406e+00
1.732189804315567017e-01,3.998635053634643555e+00,3.995359897613525391e+00,3.999314308166503906e+00,4.000719547271728516e+00
1.741039901971817017e-01,3.998645305633544922e+00,3.995301485061645508e+00,3.999323844909667969e+00,4.000738143920898438e+00
1.749889850616455078e-01,3.998652696609497070e+00,3.995242834091186523e+00,3.999331235885620117e+00,4.000751972198486328e+00
1.758740097284317017e-01,3.998662948608398438e+00,3.995182037353515625e+00,3.999341726303100586e+00,4.000766277313232422e+00
1.767590194940567017e-01,3.998676061630249023e+00,3.995132207870483398e+00,3.999352693557739258e+00,4.000780582427978516e+00
1.776440292596817017e-01,3.998686313629150391e+00,3.995080232620239258e+00,3.999364137649536133e+00,4.000795841217041016e+00
1.785290390253067017e-01,3.998699426651000977e+00,3.995033502578735352e+00,3.999377965927124023e+00,4.000807285308837891e+00
1.794140487909317017e-01,3.998708724975585938e+00,3.994983911514282227e+00,3.999383687973022461e+00,4.000820636749267578e+00
1.802990585565567017e-01,3.998723745346069336e+00,3.994929313659667969e+00,3.999400138854980469e+00,4.000832080841064453e+00
1.811840683221817017e-01,3.998732089996337891e+00,3.994881153106689453e+00,3.999409437179565430e+00,4.000846385955810547e+00
1.820690780878067017e-01,3.998745918273925781e+00,3.994828701019287109e+00,3.999423503875732422e+00,4.000858783721923828e+00
1.829540729522705078e-01,3.998758077621459961e+00,3.994787454605102539e+00,3.999435424804687500e+00,4.000870704650878906e+00
1.838390976190567017e-01,3.998769521713256836e+00,3.994759559631347656e+00,3.999447822570800781e+00,4.000885009765625000e+00
1.847241073846817017e-01,3.998784542083740234e+00,3.994697093963623047e+00,3.999461174011230469e+00,4.000892639160156250e+00
1.856091320514678955e-01,3.998797416687011719e+00,3.994705915451049805e+00,3.999475479125976562e+00,4.000903129577636719e+00
1.864941418170928955e-01,3.998815059661865234e+00,3.994675159454345703e+00,3.999491930007934570e+00,4.000913619995117188e+00
1.873791515827178955e-01,3.998827457427978516e+00,3.994643449783325195e+00,3.999505996704101562e+00,4.000924110412597656e+00
1.882641613483428955e-01,3.998838901519775391e+00,3.994615554809570312e+00,3.999521255493164062e+00,4.000935077667236328e+00
1.891491711139678955e-01,3.998851299285888672e+00,3.994587421417236328e+00,3.999531269073486328e+00,4.000947475433349609e+00
1.900341808795928955e-01,3.998869180679321289e+00,3.994560241699218750e+00,3.999549865722656250e+00,4.000955581665039062e+00
1.909191906452178955e-01,3.998882532119750977e+00,3.994534730911254883e+00,3.999562025070190430e+00,4.000966548919677734e+00
1.918042153120040894e-01,3.998896598815917969e+00,3.994507789611816406e+00,3.999577283859252930e+00,4.000977993011474609e+00
1.926892101764678955e-01,3.998908996582031250e+00,3.994481801986694336e+00,3.999592542648315430e+00,4.000988006591796875e+00
1.935742199420928955e-01,3.998919963836669922e+00,3.994465589523315430e+00,3.999602556228637695e+00,4.000994682312011719e+00
1.944592297077178955e-01,3.998934030532836914e+00,3.994449615478515625e+00,3.999614000320434570e+00,4.001005172729492188e+00
1.953442394733428955e-01,3.998950481414794922e+00,3.994424581527709961e+00,3.999628543853759766e+00,4.001011371612548828e+00
1.962292492389678955e-01,3.998959779739379883e+00,3.994441747665405273e+00,3.999636411666870117e+00,4.001015186309814453e+00
1.971142739057540894e-01,3.998962879180908203e+00,3.994392871856689453e+00,3.999639987945556641e+00,4.001022815704345703e+00
1.979992836713790894e-01,3.998967647552490234e+00,3.994382619857788086e+00,3.999644517898559570e+00,4.001025199890136719e+00
1.988842934370040894e-01,3.998968124389648438e+00,3.994359731674194336e+00,3.999643325805664062e+00,4.001027107238769531e+00
1.997693032026290894e-01,3.998969316482543945e+00,3.994334697723388672e+00,3.999644041061401367e+00,4.001028060913085938e+00
2.006543129682540894e-01,3.998967170715332031e+00,3.994303941726684570e+00,3.999639987945556641e+00,4.001028060913085938e+00
2.015393227338790894e-01,3.998962402343750000e+00,3.994273424148559570e+00,3.999633312225341797e+00,4.001021385192871094e+00
2.024243324995040894e-01,3.998960494995117188e+00,3.994237899780273438e+00,3.999628305435180664e+00,4.001016139984130859e+00
2.033093422651290894e-01,3.998951673507690430e+00,3.994208335876464844e+00,3.999620914459228516e+00,4.001009464263916016e+00
2.041943520307540894e-01,3.998940706253051758e+00,3.994184494018554688e+00,3.999612808227539062e+00,4.001001358032226562e+00
2.050793617963790894e-01,3.998934030532836914e+00,3.994162559509277344e+00,3.999601840972900391e+00,4.000991821289062500e+00
2.059643715620040894e-01,3.998924970626831055e+00,3.994142770767211914e+00,3.999593734741210938e+00,4.000977039337158203e+00
2.068493813276290894e-01,3.998910665512084961e+00,3.994120836257934570e+00,3.999579429626464844e+00,4.000966072082519531e+00
2.077343910932540894e-01,3.998903751373291016e+00,3.994107961654663086e+00,3.999572277069091797e+00,4.000954151153564453e+00
2.086194008588790894e-01,3.998890399932861328e+00,3.994061231613159180e+00,3.999562501907348633e+00,4.000940322875976562e+00
2.095044255256652832e-01,3.998878002166748047e+00,3.994085073471069336e+00,3.999549150466918945e+00,4.000927925109863281e+00
2.103894352912902832e-01,3.998868465423583984e+00,3.994064807891845703e+00,3.999540805816650391e+00,4.000919342041015625e+00
2.112744450569152832e-01,3.998852491378784180e+00,3.994051218032836914e+00,3.999526977539062500e+00,4.000910758972167969e+00
2.121594548225402832e-01,3.998846769332885742e+00,3.994044542312622070e+00,3.999523401260375977e+00,4.000900268554687500e+00
2.130444645881652832e-01,3.998835802078247070e+00,3.994046449661254883e+00,3.999512195587158203e+00,4.000897884368896484e+00
2.139294743537902832e-01,3.998823881149291992e+00,3.994048595428466797e+00,3.999503850936889648e+00,4.000893115997314453e+00
2.148144841194152832e-01,3.998816728591918945e+00,3.994061231613159180e+00,3.999498128890991211e+00,4.000889301300048828e+00
2.156994938850402832e-01,3.998810529708862305e+00,3.994075059890747070e+00,3.999494552612304688e+00,4.000889301300048828e+00
2.165844887495040894e-01,3.998807430267333984e+00,3.994105339050292969e+00,3.999488115310668945e+00,4.000893115997314453e+00
2.174695134162902832e-01,3.998804092407226562e+00,3.994136095046997070e+00,3.999487161636352539e+00,4.000898838043212891e+00
2.183545231819152832e-01,3.998805761337280273e+00,3.994177103042602539e+00,3.999487876892089844e+00,4.000903129577636719e+00
2.192395329475402832e-01,3.998807430267333984e+00,3.994220256805419922e+00,3.999488592147827148e+00,4.000913143157958984e+00
2.201245427131652832e-01,3.998809814453125000e+00,3.994301319122314453e+00,3.999490976333618164e+00,4.000926017761230469e+00
2.210095673799514771e-01,3.998812437057495117e+00,3.994320154190063477e+00,3.999491453170776367e+00,4.000942230224609375e+00
2.218945771455764771e-01,3.998816251754760742e+00,3.994370460510253906e+00,3.999495744705200195e+00,4.000957965850830078e+00
2.227795869112014771e-01,3.998819351196289062e+00,3.994437694549560547e+00,3.999496459960937500e+00,4.000976085662841797e+00
2.236645966768264771e-01,3.998818159103393555e+00,3.994472026824951172e+00,3.999495267868041992e+00,4.000994682312011719e+00
2.245496064424514771e-01,3.998822450637817383e+00,3.994636774063110352e+00,3.999498844146728516e+00,4.001017093658447266e+00
2.254346311092376709e-01,3.998827934265136719e+00,3.994342803955078125e+00,3.999501466751098633e+00,4.001036167144775391e+00
2.263196259737014771e-01,3.998830556869506836e+00,3.995615243911743164e+00,3.999502420425415039e+00,4.001060009002685547e+00
2.272046357393264771e-01,3.998829126358032227e+00,3.991423845291137695e+00,3.999502897262573242e+00,4.001077651977539062e+00
2.280896455049514771e-01,3.998830080032348633e+00,4.006418704986572266e+00,3.999501228332519531e+00,4.001110553741455078e+00
2.289746552705764771e-01,3.998829603195190430e+00,3.892223358154296875e+00,3.999501466751098633e+00,4.001114368438720703e+00
