# forge res_12000.h5 axis (j=0) values; Pt/P for matching with CEA
x_m,x_over_rt,Pt_over_P,P,T,rho,u,a,M,h0
-1.3371215,-6.4999995,1.0014348917852445,1137368.0,1160.6148681640625,3.435232639312744,30.69403839111328,657.31787109375,0.04669588298282482,967402.9676967827
-1.3167456,-6.400949,1.0014211344039703,1137383.625,1160.6141357421875,3.435281753540039,30.709863662719727,657.3176879882812,0.046719971520479193,967402.4908074446
-1.2963698,-6.301898,1.00143280063893,1137370.375,1160.6121826171875,3.4352474212646484,30.7833251953125,657.317138671875,0.046831770212946135,967402.4072992611
-1.2759941,-6.202848,1.0014366527573357,1137366.0,1160.607177734375,3.4352493286132812,30.877269744873047,657.3157958984375,0.046974787366351266,967399.1411102351
-1.2556182,-6.103797,1.0014553634682888,1137344.75,1160.60546875,3.435190200805664,31.030574798583984,657.3153686523438,0.047208046971736264,967401.8921050134
-1.2352424,-6.004746,1.0014686815179021,1137329.625,1160.599365234375,3.4351625442504883,31.212158203125,657.313720703125,0.04748441607112281,967400.1105310367
-1.2148665,-5.9056954,1.0014944380898494,1137300.375,1160.5947265625,3.4350879192352295,31.449472427368164,657.3124389648438,0.04784554583646063,967401.8403988449
-1.1944907,-5.8066444,1.0015173339327197,1137274.375,1160.5867919921875,3.435033082962036,31.72153663635254,657.310302734375,0.04825960661865891,967400.6901076259
-1.1741148,-5.7075934,1.0015514594875623,1137235.625,1160.5792236328125,3.4349379539489746,32.050411224365234,657.308349609375,0.04876008534413437,967402.0082894813
-1.1537391,-5.6085434,1.0015858075554875,1137196.625,1160.568603515625,3.434852123260498,32.42082595825195,657.3054809570312,0.04932383328227768,967400.998866231
-1.1333632,-5.5094924,1.00162940657305,1137147.125,1160.5577392578125,3.434734582901001,32.84606170654297,657.3025512695312,0.049970993788329636,967401.6419031618
-1.1129875,-5.4104424,1.0016757622167727,1137094.5,1160.5443115234375,3.434615135192871,33.32016372680664,657.2989501953125,0.05069255582548207,967400.9661095308
-1.0926118,-5.311392,1.0017315928796584,1137031.125,1160.530029296875,3.4344663619995117,33.85504913330078,657.2950439453125,0.051506624681195,967401.271347922
-1.0722362,-5.2123423,1.0017920555867057,1136962.5,1160.51318359375,3.4343090057373047,34.44584655761719,657.29052734375,0.052405816187280435,967400.9369715207
-1.0518606,-5.1132927,1.0018627698690872,1136882.25,1160.4947509765625,3.4341213703155518,35.10109329223633,657.2855834960938,0.053403108441134606,967401.2336071671
-1.0314852,-5.014244,1.0019398840467904,1136794.75,1160.4735107421875,3.4339194297790527,35.818477630615234,657.2799072265625,0.05449501382410083,967400.8281008925
-1.0111102,-4.9151974,1.0020282494548887,1136694.5,1160.450439453125,3.4336845874786377,36.60809326171875,657.273681640625,0.0556968798299379,967401.1736876417
-0.9907354,-4.8161516,1.0021256677905022,1136584.0,1160.423583984375,3.4334309101104736,37.471378326416016,657.2664794921875,0.05701093771793578,967400.4186946426
-0.9703613,-4.717109,1.002237104969048,1136457.625,1160.3946533203125,3.4331345558166504,38.41233444213867,657.2586669921875,0.05844325281844516,967400.729858656
-0.949988,-4.618071,1.0023576084574692,1136321.0,1160.36083984375,3.432821750640869,39.4408073425293,657.2496337890625,0.06000886925588979,967399.5596712889
-0.929616,-4.5190387,1.0024989861689906,1136160.75,1160.32470703125,3.4324443340301514,40.56461715698242,657.2399291992188,0.061719648114511784,967400.4665069774
-0.90924585,-4.4200153,1.0026501125230471,1135989.5,1160.2835693359375,3.4320485591888428,41.77397155761719,657.2288818359375,0.06356076659462012,967400.0652207304
-0.88887846,-4.321006,1.0028240193521263,1135792.5,1160.2381591796875,3.4315879344940186,43.093505859375,657.2166748046875,0.06556970860817185,967400.533913314
-0.86851496,-4.222015,1.0030157619435873,1135575.375,1160.186767578125,3.431084394454956,44.52058410644531,657.2028198242188,0.06774253360378639,967400.2424318903
-0.848157,-4.123051,1.003232761230823,1135329.75,1160.12939453125,3.430511236190796,46.07002258300781,657.1874389648438,0.07010180026504179,967400.5626301421
-0.8278068,-4.0241246,1.003473944862895,1135056.875,1160.0648193359375,3.429877758026123,47.74652862548828,657.1701049804688,0.07265474838802553,967400.3300075422
-0.8074674,-3.9252512,1.0037463134739835,1134748.875,1159.9921875,3.429161310195923,49.56366729736328,657.1505737304688,0.07542208632034443,967400.1380852114
-0.78714305,-3.8264508,1.0040513560368092,1134404.125,1159.9105224609375,3.4283604621887207,51.528045654296875,657.1286010742188,0.0784139445004572,967399.8436216452
-0.7668391,-3.7277493,1.0043951104300017,1134015.875,1159.8187255859375,3.4274585247039795,53.653839111328125,657.1039428710938,0.08165198168937722,967399.6347735149
-0.7465628,-3.6291826,1.004781644694787,1133579.625,1159.7154541015625,3.426445484161377,55.95236587524414,657.076171875,0.08515354576864542,967399.4202803677
-0.7263234,-3.530795,1.0052176000451862,1133088.0,1159.5989990234375,3.4253034591674805,58.43684387207031,657.0448608398438,0.08893889497495733,967399.3967253865
-0.7061329,-3.432645,1.0057095428723426,1132533.75,1159.467529296875,3.424015998840332,61.12062454223633,657.009521484375,0.09302852172392741,967399.3933211358
-0.68600607,-3.3348048,1.0062647490064074,1131908.875,1159.31884765625,3.4225659370422363,64.01789855957031,656.9696044921875,0.09744423200378305,967399.2220764456
-0.66596144,-3.237364,1.0068928845867817,1131202.75,1159.1507568359375,3.420926570892334,67.14374542236328,656.9243774414062,0.10220924619036854,967399.0895211636
-0.64602125,-3.1404312,1.007602021086881,1130406.625,1158.9608154296875,3.419079542160034,70.51094818115234,656.873291015625,0.10734330219475327,967398.9254167469
-0.6262121,-3.044135,1.0084042169268705,1129507.375,1158.7462158203125,3.4169921875,74.13350677490234,656.8156127929688,0.11286806423444377,967399.1609031152
-0.60656464,-2.948625,1.0093103116356354,1128493.375,1158.503662109375,3.414639472961426,78.02324676513672,656.7504272460938,0.11880197336499074,967399.0918095723
-0.58711374,-2.8540707,1.0103327367654118,1127351.375,1158.2301025390625,3.411989688873291,82.19187927246094,656.6768798828125,0.1251633517037002,967399.2819392069
-0.5678975,-2.7606568,1.0114852192948132,1126066.875,1157.9215087890625,3.409010410308838,86.64813995361328,656.5938720703125,0.1319661112285471,967399.0331702245
-0.5489565,-2.6685812,1.0127815881820215,1124625.5,1157.574462890625,3.405667304992676,91.39698028564453,656.50048828125,0.13921844982160828,967398.296706814
-0.5303324,-2.5780458,1.0142354715944502,1123013.375,1157.1861572265625,3.4019267559051514,96.44107818603516,656.39599609375,0.14692514695391426,967398.1426223735
-0.5120662,-2.4892502,1.0158623698245173,1121214.875,1156.7520751953125,3.3977534770965576,101.77991485595703,656.2791748046875,0.15508630894199457,967397.7665409627
-0.49419665,-2.402383,1.0176751818038963,1119217.625,1156.26904296875,3.3931174278259277,107.40824890136719,656.1492309570312,0.16369484841840948,967397.222413016
-0.4767582,-2.3176117,1.0196875114353947,1117008.875,1155.7340087890625,3.3879892826080322,113.31881713867188,656.0051879882812,0.17274073317343366,967396.839719929
-0.45977968,-2.2350757,1.0219144117521055,1114574.75,1155.143798828125,3.382333755493164,119.4992446899414,655.8462524414062,0.1822061866559458,967396.4743088799
-0.44328356,-2.154885,1.0243629068658284,1111910.625,1154.4957275390625,3.376142978668213,125.93600463867188,655.6717529296875,0.19207172503003483,967395.9739372074
-0.42728472,-2.0771115,1.0270510503659658,1109000.375,1153.787109375,3.3693747520446777,132.61851501464844,655.4808349609375,0.20232249051576262,967395.6193272914
-0.41179094,-2.0017934,1.0299848576853012,1105841.5,1153.0159912109375,3.3620240688323975,139.5263671875,655.2730102539062,0.21292860380963363,967395.5133609539
-0.39680293,-1.9289339,1.0331754543273406,1102426.5,1152.1805419921875,3.354071617126465,146.64456176757812,655.0478515625,0.22386847223112577,967395.4138104673
-0.38231537,-1.8585072,1.0366332445733182,1098749.25,1151.278564453125,3.345503091812134,153.95765686035156,654.8045654296875,0.23512001135685948,967394.9361819155
-0.36831805,-1.7904634,1.0403663752034749,1094806.625,1150.3089599609375,3.336308479309082,161.4498291015625,654.54296875,0.24666039788020028,967394.6204364143
-0.35479593,-1.7247299,1.0443835500880023,1090595.5,1149.2703857421875,3.3264784812927246,169.10694885253906,654.2626953125,0.2584694956079795,967394.5038566507
-0.34173155,-1.6612215,1.0486931041983403,1086113.75,1148.1617431640625,3.316007375717163,176.91549682617188,653.96337890625,0.2705281404626388,967394.5611493762
-0.32910466,-1.5998398,1.0533043435741904,1081358.875,1146.9814453125,3.304887533187866,184.86387634277344,653.64453125,0.2828201989072687,967394.4553011993
-0.31689394,-1.5404812,1.0582260058111845,1076329.625,1145.7283935546875,3.293114423751831,192.94134521484375,653.3058471679688,0.2953308102954073,967394.0729245906
-0.3050775,-1.4830393,1.0634671152088986,1071025.125,1144.402099609375,3.2806832790374756,201.13890075683594,652.9472045898438,0.3080477247516262,967394.0167522482
-0.29363304,-1.4274056,1.0690376338320846,1065444.25,1143.0009765625,3.2675888538360596,209.44822692871094,652.5680541992188,0.3209599758690757,967393.7776134289
-0.28253862,-1.3734735,1.0749472524374182,1059586.875,1141.5245361328125,3.2538278102874756,217.8619384765625,652.1683349609375,0.33405782954735397,967394.1150321343
-0.27177274,-1.3211385,1.0812065372651978,1053452.75,1139.9713134765625,3.239398956298828,226.37420654296875,651.74755859375,0.3473341841608236,967394.3507040247
-0.26131505,-1.2703017,1.0878275712118468,1047040.9375,1138.33984375,3.224296808242798,234.97958374023438,651.3052368164062,0.3607825800523569,967394.3259584428
-0.25114557,-1.220866,1.0948210949148132,1040352.625,1136.629638671875,3.2085208892822266,243.6732635498047,650.84130859375,0.3743973535980698,967394.5509808946
-0.24124597,-1.1727421,1.1022000879026344,1033387.6875,1134.83935546875,3.192068099975586,252.45106506347656,650.3552856445312,0.38817408059240455,967394.7158344204
-0.231598,-1.1258416,1.1099780288424965,1026146.4375,1132.9678955078125,3.174936056137085,261.3099060058594,649.8468017578125,0.402110013158525,967395.0146375436
-0.22218531,-1.0800847,1.1181685890711415,1018629.9375,1131.01416015625,3.1571242809295654,270.2464904785156,649.3154907226562,0.41620213030455283,967395.2989271434
-0.21299209,-1.0353947,1.1267869673336273,1010838.8125,1128.9765625,3.1386308670043945,279.2582092285156,648.760986328125,0.4304485243619053,967395.5591336982
-0.20400369,-0.9917004,1.1358482341218556,1002774.8125,1126.8543701171875,3.1194560527801514,288.34234619140625,648.1829223632812,0.4448471816259942,967395.7611329365
-0.19520624,-0.9489343,1.1453691832714508,994439.1875,1124.6463623046875,3.0995988845825195,297.4971008300781,647.5809326171875,0.459397560746189,967396.0806395982
-0.18658692,-0.9070342,1.1553673673891982,985833.625,1122.3514404296875,3.07905912399292,306.72039794921875,646.9546508789062,0.4740987602956875,967396.5747488678
-0.17813355,-0.86594075,1.1658608510784212,976960.5,1119.968017578125,3.0578391551971436,316.010498046875,646.3035278320312,0.48895060051258676,967397.0244550956
-0.16983469,-0.8255984,1.1768695283461592,967821.8125,1117.4949951171875,3.0359389781951904,325.36614990234375,645.6272583007812,0.503953551711356,967397.5114763236
-0.16167995,-0.78595674,1.1884138776534956,958420.3125,1114.9312744140625,3.0133609771728516,334.7855224609375,644.9254150390625,0.5191073489337676,967397.8937747369
-0.15365918,-0.74696624,1.2005157000167916,948758.9375,1112.2752685546875,2.990108013153076,344.2673645019531,644.1974487304688,0.5344128033732621,967398.0169865905
-0.14576298,-0.7085813,1.2131976518926921,938841.25,1109.5262451171875,2.9661824703216553,353.8106689453125,643.4431762695312,0.5498708852529739,967398.2985574151
-0.13798249,-0.6707589,1.2264843630646765,928670.625,1106.6827392578125,2.9415879249572754,363.4142761230469,642.6619873046875,0.5654827627929258,967398.6712606361
-0.13030945,-0.6334588,1.2404015051166903,918251.0625,1103.7437744140625,2.9163286685943604,373.0768127441406,641.8535766601562,0.5812490984087396,967399.1713903133
-0.12273609,-0.59664327,1.2549754155935378,907587.5,1100.707763671875,2.890411615371704,382.7969665527344,641.0173950195312,0.5971709496917332,967399.6292186965
-0.11525468,-0.5602747,1.2702358453808484,896683.875,1097.57373046875,2.8638412952423096,392.57421875,640.1530151367188,0.6132505970719472,967399.8886050666
-0.1078585,-0.52432054,1.2862121222387093,885546.0,1094.340576171875,2.8366246223449707,402.4070129394531,639.2601318359375,0.6294886743269149,967400.3843806004
-0.10054063,-0.48874697,1.3029369058665978,874178.9375,1091.007080078125,2.8087689876556396,412.29486083984375,638.338134765625,0.6458878741299449,967401.0480897316
-0.093294695,-0.4535231,1.3204435513642325,862588.9375,1087.572265625,2.780283212661743,422.23638916015625,637.38671875,0.6624493054832047,967401.8280767249
-0.08611464,-0.41861948,1.3387694149664342,850781.3125,1084.034423828125,2.7511744499206543,432.2311096191406,636.4052734375,0.6791758768504126,967402.5987616885
-0.07899463,-0.3840078,1.357951722372195,838763.25,1080.392822265625,2.721453905105591,442.2776794433594,635.3933715820312,0.6960690797610248,967403.3960526886
-0.07192906,-0.34966072,1.3780315427367098,826541.3125,1076.64599609375,2.691131114959717,452.37548828125,634.3505859375,0.7131316630104299,967404.3000089835
-0.06491252,-0.315552,1.3990528909396662,814122.1875,1072.7928466796875,2.6602163314819336,462.5238037109375,633.2763671875,0.7303664366398088,967405.1813171036
-0.057939783,-0.2816562,1.4210597562489513,801514.5,1068.83251953125,2.6287240982055664,472.72113037109375,632.1702880859375,0.7477749892396586,967406.0133339767
-0.051005792,-0.24794878,1.4441022520118498,788725.3125,1064.7637939453125,2.5966644287109375,482.96697998046875,631.0318603515625,0.7653606898887746,967407.0837667107
-0.044105656,-0.21440591,1.4682262434806372,775766.0,1060.5860595703125,2.5640594959259033,493.2595520019531,629.86083984375,0.7831246535731866,967408.6166648302
-0.03723467,-0.18100476,1.4934908907217699,762642.75,1056.2978515625,2.5309176445007324,503.5986328125,628.656494140625,0.8010712328692645,967410.2317473853
-0.030388057,-0.14772208,1.5199567299412042,749363.4375,1051.8980712890625,2.49725079536438,513.98388671875,627.4183959960938,0.8192043618720258,967412.2707196872
-0.023561254,-0.1145357,1.547686695015445,735937.0625,1047.385498046875,2.463073968887329,524.414306640625,626.1459350585938,0.8375272876147494,967414.3844638226
-0.016749803,-0.08142395,1.576748974451285,722372.4375,1042.75830078125,2.428403377532959,534.8892211914062,624.8384399414062,0.856044037946137,967416.1670317949
-0.009949181,-0.048364848,1.6072185136333121,708677.75,1038.0128173828125,2.393256902694702,545.4075317382812,623.49462890625,0.8747589898168793,967414.0592232732
-0.0031550038,-0.015337069,1.6391718907925115,694863.0625,1033.149169921875,2.3576505184173584,555.9693603515625,622.1141967773438,0.8936773396774698,967410.2118540723
0.0036371374,0.01768081,1.6726935892255916,680937.625,1028.17041015625,2.321589946746826,566.5748901367188,620.6979370117188,0.9128029212799234,967409.6423216993
0.01043162,0.050710075,1.7078747043738611,666910.75,1023.0725708007812,2.2850961685180664,577.2240600585938,619.2443237304688,0.9321426744475664,967410.0505947798
0.01723287,0.083772235,1.7448155549770568,652791.0625,1017.853515625,2.248185634613037,587.9175415039062,617.7525024414062,0.9517040225339599,967410.5216290788
0.024045274,0.11688861,1.7836233156680503,638587.75,1012.5113525390625,2.210873603820801,598.6558227539062,616.2216796875,0.9714942568354593,967411.4211249859
0.030873312,0.150081,1.8244152490841383,624309.625,1007.0438232421875,2.1731760501861572,609.4396362304688,614.6509399414062,0.9915215232381581,967412.1890952687
0.037721522,0.18337144,1.8673108807233658,609968.0625,1001.4496459960938,2.1351146697998047,620.2683715820312,613.03955078125,1.0117917690491078,967412.9411951778
0.044594437,0.21678197,1.912427124395493,595578.25,995.7294921875,2.096721649169922,631.1381225585938,611.38720703125,1.0323050847322264,967413.8199522234
0.05149677,0.2503355,1.9599146688600275,581147.75,989.8804321289062,2.0580081939697266,642.05078125,609.6924438476562,1.0530732137635432,967414.637042639
0.05843336,0.2840556,2.009928987435407,566686.6875,983.9006958007812,2.018994092941284,653.0069580078125,607.9544067382812,1.0741051479686468,967415.3180183687
0.06540906,0.31796575,2.0626379128784484,552205.5,977.78857421875,1.9796985387802124,664.0064086914062,606.1722412109375,1.0954088022324062,967416.1052722917
0.07242892,0.35209063,2.1182224784504804,537715.0,971.5421752929688,1.94014310836792,675.0493774414062,604.344970703125,1.1169934559991792,967416.5229898433
0.07949818,0.38645566,2.176869318141436,523228.46875,965.1610107421875,1.9003556966781616,686.13427734375,602.4719848632812,1.1388650336985449,967417.164041239
0.08662226,0.42108715,2.2387781460413314,508759.65625,958.6448364257812,1.8603652715682983,697.2587280273438,600.5527954101562,1.1610281949501888,967417.8285067643
0.09380679,0.4560125,2.304159118472013,494323.5,951.9937133789062,1.8202056884765625,708.4201049804688,598.5869140625,1.1834874574396406,967418.9632237675
0.101057604,0.49126008,2.373225216846227,479937.59375,945.2088012695312,1.7799192667007446,719.6129760742188,596.57421875,1.2062421630992057,967419.9139052893
0.10838078,0.5268594,2.446202570512722,465619.65625,938.2922973632812,1.7395480871200562,730.8323364257812,594.5148315429688,1.2292920170368535,967421.176057351
0.11578288,0.5628424,2.5233409732336716,451385.6875,931.2449340820312,1.6991322040557861,742.073974609375,592.4085083007812,1.252638954727174,967422.2574184292
0.123270504,0.5992412,2.604910579483256,437251.09375,924.068359375,1.6587084531784058,753.3336791992188,590.2551879882812,1.2762847231665082,967423.3079810598
0.13085078,0.6360903,2.6912126605134317,423229.28125,916.7628784179688,1.618310809135437,764.6094970703125,588.054443359375,1.3002358977211914,967424.4263908732
0.13853104,0.67342556,2.782578317463878,409332.59375,909.3289794921875,1.5779693126678467,775.8992309570312,585.8057861328125,1.3244990905247243,967425.7170242788
0.14631945,0.7112864,2.87937990948376,395571.28125,901.7653198242188,1.5377100706100464,787.2024536132812,583.5081787109375,1.349085552412199,967426.8639339955
0.1542242,0.74971294,2.9820232628577252,381955.4375,894.0715942382812,1.4975577592849731,798.5187377929688,581.1610107421875,1.374006037970783,967428.08650782
0.16225417,0.78874815,3.0909740978270235,368492.25,886.2454223632812,1.4575303792953491,809.8499755859375,578.7628173828125,1.3992778237691736,967429.363758236
0.17041896,0.8284387,3.20676715147083,355186.375,878.2825927734375,1.4176377058029175,821.2003173828125,576.3116455078125,1.4249240385542066,967430.7525019116
0.17872825,0.86883175,3.3300204892009138,342039.9375,870.1774291992188,1.3778828382492065,832.5756225585938,573.8048706054688,1.4509734322751124,967432.2177448513
0.18719313,0.9099811,3.461455691790648,329052.3125,861.9219360351562,1.338258981704712,843.9849853515625,571.2393188476562,1.4774630483316655,967433.8675842877
0.19582471,0.95194083,3.6019123893709986,316220.90625,853.5059814453125,1.2987549304962158,855.4390258789062,568.6109008789062,1.504436556802987,967435.3311366781
0.20463523,0.99477047,3.7523587365315616,303542.40625,844.9183349609375,1.2593541145324707,866.9501953125,565.9150390625,1.5319440825405481,967436.9124543697
0.21363759,1.0385326,3.9139111363486028,291013.25,836.145751953125,1.22003972530365,878.5318603515625,563.146484375,1.5600414540926921,967438.5804988747
0.222846,1.0832964,4.087848363795176,278630.6875,827.1749267578125,1.1807959079742432,890.1974487304688,560.2997436523438,1.5887878922229541,967440.6303285718
0.2322749,1.1291322,4.275605271823177,266395.03125,817.9924926757812,1.1416159868240356,901.958251953125,557.3692016601562,1.6182420005744673,967442.6812492032
0.24194004,1.1761161,4.478816279135638,254308.265625,808.5859375,1.1024973392486572,913.8248291015625,554.3492431640625,1.6484641052014775,967444.9793700933
0.2518585,1.2243317,4.699326218889349,242375.171875,798.9429321289062,1.0634464025497437,925.80615234375,551.2342529296875,1.6795149202417958,967447.1904820569
0.2620477,1.2738633,4.939192426860707,230604.5,789.0540161132812,1.024482011795044,937.9077758789062,548.0192260742188,1.7114504952639829,967449.6365859908
0.27252665,1.3248035,5.200746637040523,219007.015625,778.9098510742188,0.9856302738189697,950.1334228515625,544.6990356445312,1.7443273453335364,967452.3535385422
0.283315,1.3772477,5.486601721005821,207596.625,768.5039672851562,0.9469289183616638,962.484130859375,541.2691650390625,1.7781987096750913,967455.1407565172
0.2944336,1.4312972,5.799712910391985,196389.03125,757.8311157226562,0.9084227681159973,974.9583740234375,537.7254638671875,1.8131155013783053,967458.0350652082
0.30590367,1.4870554,6.143400568072403,185402.203125,746.8888549804688,0.8701660633087158,987.552001953125,534.0643920898438,1.8491253425242262,967461.1130247324
0.31774738,1.5446299,6.521448961180846,174654.4375,735.6759033203125,0.8322165608406067,1000.2594604492188,530.2825317382812,1.8862764669436494,967464.4502228398
0.3299869,1.6041286,6.938147447245057,164164.859375,724.1926879882812,0.7946379780769348,1013.0730590820312,526.376953125,1.9246151509248437,967467.8194157089
0.34264416,1.6656579,7.3983821113745964,153952.578125,712.4415893554688,0.7574971318244934,1025.983642578125,522.3450317382812,1.9641876159208684,967471.4231060582
0.35574043,1.7293214,7.907676660030652,144037.25,700.4279174804688,0.7208662033081055,1038.979248046875,518.1849975585938,2.0050353694954137,967475.0450215179
0.3692956,1.7952155,8.47226361087466,134438.6875,688.1600952148438,0.6848226189613342,1052.0452880859375,513.8959350585938,2.0471951932563637,967478.8137180503
0.38332748,1.8634272,9.099129281631132,125176.8125,675.6500244140625,0.6494494080543518,1065.16357421875,509.4781494140625,2.0906953035056888,967482.3084101041
0.39785013,1.9340245,9.79595610418309,116272.46875,662.91748046875,0.6148378849029541,1078.310302734375,504.93438720703125,2.1355453897661567,967485.874498268
0.41287392,2.007058,10.571259272837276,107744.96875,649.9850463867188,0.5810813307762146,1091.458984375,500.2685546875,2.1817461324483918,967489.2979249922
0.42840374,2.0825512,11.434214678886418,99613.3125,636.88330078125,0.5482779145240784,1104.5771484375,495.487548828125,2.229273270438237,967492.6341150376
0.4444382,2.160498,12.394603953670543,91894.828125,623.6493530273438,0.5165279507637024,1117.627685546875,490.6009521484375,2.2780789165870243,967495.2292245203
0.4609691,2.2408576,13.462695575313417,84604.15625,610.3267211914062,0.4859287142753601,1130.5697021484375,485.62103271484375,2.3280904779351004,967497.2993746359
0.47798112,2.3235564,14.649089340333799,77752.2734375,596.9647827148438,0.45657023787498474,1143.359619140625,480.56298828125,2.3792086511487076,967498.8491222069
0.4954512,2.4084818,15.964505605896635,71345.7734375,583.6165771484375,0.42853257060050964,1155.9521484375,475.4441223144531,2.431310209095333,967499.5160963079
0.5133501,2.4954917,17.419605096912026,65386.09765625,570.3375854492188,0.40188026428222656,1168.3031005859375,470.2836608886719,2.4842519478100784,967499.3112704734
0.53164303,2.584417,19.024784077078355,59869.2734375,557.1831665039062,0.3766597807407379,1180.3704833984375,465.1019287109375,2.537874841048105,967498.4185219809
0.55029094,2.6750681,20.789951713471936,54786.08203125,544.2072143554688,0.352897971868515,1192.1158447265625,459.91973876953125,2.592008440246439,967496.5832857245
0.56925285,2.7672455,22.724488335837112,50122.140625,531.4594116210938,0.33059990406036377,1203.506591796875,454.7574462890625,2.6464802316439187,967493.900320668
0.5884871,2.8607466,24.83723732072936,45858.5625,518.9827880859375,0.3097495138645172,1214.5174560546875,449.6339416503906,2.7011249453205783,967490.6225392119
0.6079532,2.9553752,27.136540491270924,41972.92578125,506.8131103515625,0.290311723947525,1225.13037109375,444.5660705566406,2.755789189129449,967486.5071312754
0.6276132,3.050946,29.629557369466305,38441.34375,494.9814758300781,0.27224045991897583,1235.33203125,439.56976318359375,2.810320760698098,967482.4214350411
0.6474326,3.1472921,32.32166297651851,35239.5234375,483.5161437988281,0.25548312067985535,1245.111572265625,434.6605529785156,2.864560779057326,967478.0848721233
0.66738105,3.244265,35.21642441163544,32342.86328125,472.4394226074219,0.23998035490512848,1254.4630126953125,429.85223388671875,2.9183587144644405,967473.609446222
0.6874322,3.3417377,38.31535133071024,29726.98828125,461.7697448730469,0.2256673276424408,1263.383544921875,425.15753173828125,2.971565715316057,967469.2801661459
0.7075641,3.4396026,41.6186073358676,27367.56640625,451.5178527832031,0.21247339248657227,1271.8765869140625,420.5863037109375,3.0240561228265856,967464.9799703313
0.7277586,3.5377717,45.12519058546493,25240.890625,441.6882019042969,0.20032362639904022,1279.94921875,416.14593505859375,3.075722026624583,967461.0047690738
0.7480009,3.6361735,48.83331217553625,23324.2421875,432.27886962890625,0.18914146721363068,1287.61376953125,411.8410339355469,3.1264824615139286,967457.1129651938
0.7682795,3.7347515,52.74049951936769,21596.306640625,423.2839660644531,0.17885078489780426,1294.884765625,407.6744079589844,3.176271898223439,967453.6995434191
0.78858507,3.8334608,56.84396158650143,20037.30859375,414.6915588378906,0.1693781465291977,1301.780029296875,403.6459045410156,3.22505447138656,967450.2700116788
0.80891067,3.9322672,61.139814781906445,18629.431640625,406.49072265625,0.16065426170825958,1308.31689453125,399.7557373046875,3.2727907880758482,967447.552358546
0.82925093,4.031145,65.62354907396175,17356.57421875,398.66705322265625,0.15261489152908325,1314.5135498046875,396.00201416015625,3.3194617774672603,967445.1403591475
0.84960175,4.1300745,70.28911298455911,16204.5009765625,391.2070617675781,0.14520181715488434,1320.3865966796875,392.3831481933594,3.3650440972277043,967443.3487063091
0.8699602,4.2290406,75.12927401711423,15160.53515625,384.097412109375,0.1383618414402008,1325.9521484375,388.8972473144531,3.409517957748275,967441.506183641
0.89032406,4.328033,80.13495070440727,14213.5234375,377.325439453125,0.13204710185527802,1331.2257080078125,385.54248046875,3.4528638877596123,967440.3566426614
0.9106917,4.427044,85.29579020530618,13353.53125,370.8780212402344,0.1262141913175583,1336.2208251953125,382.3165283203125,3.495064236605015,967438.5684196309
0.9310619,4.5260677,90.59871059091327,12571.9228515625,364.74505615234375,0.12082462757825851,1340.9541015625,379.21826171875,3.5361010714115566,967442.5979575387
0.9514341,4.6251006,96.02898680072381,11861.001953125,358.91583251953125,0.11584356427192688,1345.4345703125,376.2460632324219,3.5759432504184705,967448.3577918044
0.9718074,4.724139,101.57000629186868,11213.9404296875,353.3804016113281,0.11123950034379959,1349.6717529296875,373.39837646484375,3.6145624566119716,967454.4656761046
0.9921816,4.8231816,107.20347820108502,10624.6552734375,348.1302185058594,0.10698341578245163,1353.6759033203125,370.67425537109375,3.6519285699113486,967461.4911474426
1.0125563,4.9222274,112.90947297986328,10087.7275390625,343.1524963378906,0.10305037349462509,1357.456298828125,368.0701599121094,3.688036811113047,967465.7230307132
1.0329314,5.0212746,118.66699455174248,9598.2880859375,338.45013427734375,0.09941277652978897,1361.0218505859375,365.5906982421875,3.7228021859689693,967478.5167791517
1.0533069,5.1203237,124.45114821660383,9152.185546875,334.02008056640625,0.09604955464601517,1364.3809814453125,363.2372741699219,3.75617008073642,967505.6044180247
1.0736824,5.2193727,130.24992741160966,8744.7265625,329.8169250488281,0.09294291585683823,1367.541748046875,360.9883117675781,3.7883269443010805,967508.5149954865
1.094058,5.3184223,136.03240604075808,8373.0048828125,325.85015869140625,0.09007547795772552,1370.51171875,358.85125732421875,3.8191637643107255,967504.9814746836
1.1144338,5.417473,141.77132964834064,8034.064453125,322.11724853515625,0.08743083477020264,1373.2977294921875,356.8270568847656,3.848636763931505,967499.5239145759
1.1348096,5.5165234,147.44155771754922,7725.0947265625,318.61114501953125,0.08499359339475632,1375.9072265625,354.9140625,3.8767334742125072,967493.7972340834
1.1551853,5.615574,153.01813811812391,7443.56201171875,315.3255310058594,0.08274947851896286,1378.346923828125,353.11083984375,3.9034398503258565,967487.9642096162
1.1755612,5.7146244,158.47810279453233,7187.11279296875,312.25164794921875,0.0806850865483284,1380.6241455078125,351.4145202636719,3.928762375760422,967482.3115695845
1.1959369,5.813675,163.79925008296445,6953.6337890625,309.3818359375,0.07878806442022324,1382.7454833984375,349.8225402832031,3.95270551256937,967476.4228247369
1.2163128,5.912726,168.96006860757834,6741.23779296875,306.7091064453125,0.07704712450504303,1384.7176513671875,348.3326110839844,3.9752742272911297,967470.9531254442
1.2366886,6.0117764,173.9418460397462,6548.16552734375,304.224853515625,0.0754515528678894,1386.547119140625,346.9414367675781,3.996487511145854,967465.4041601527
1.2570645,6.1108274,178.7253519901947,6372.90673828125,301.9222717285156,0.07399214059114456,1388.239501953125,345.6464538574219,4.016356848046153,967459.5471914017
1.2774403,6.2098784,183.29399776653187,6214.060546875,299.7948913574219,0.07265985757112503,1389.8006591796875,344.44525146484375,4.034895685944851,967453.6569668448
1.2978162,6.308929,187.63729894929253,6070.2216796875,297.833251953125,0.07144546508789062,1391.23779296875,343.33349609375,4.052146990600828,967447.8381120188
1.318192,6.40798,191.7456403174564,5940.1611328125,296.0297546386719,0.070340596139431,1392.55712890625,342.3078918457031,4.068142050122384,967441.8786794345
1.3385677,6.50703,195.6130067984449,5822.72119140625,294.3757019042969,0.06933732330799103,1393.76513671875,341.3642883300781,4.082926024678555,967435.7414576666
1.3589436,6.606081,199.2346707164907,5716.87646484375,292.8632507324219,0.06842849403619766,1394.8682861328125,340.49896240234375,4.096541957988684,967429.441178043
1.3793194,6.705132,202.60605568949683,5621.7470703125,291.4861145019531,0.06760773807764053,1395.87158203125,339.7089538574219,4.109022050143272,967423.4834103046
1.3996953,6.8041825,205.72493134409126,5536.51904296875,290.2369689941406,0.06686936318874359,1396.7803955078125,338.99066162109375,4.1204096562077615,967417.3411876964
1.4200711,6.9032335,208.58683073154793,5460.5556640625,289.11181640625,0.06620855629444122,1397.598388671875,338.34222412109375,4.130724127922237,967411.9158287722
1.440447,7.0022845,211.18933971281817,5393.2646484375,288.104248046875,0.06562136858701706,1398.3292236328125,337.7603759765625,4.140003751446096,967405.4220502385
1.4608228,7.101335,213.53011989850538,5334.14208984375,287.2122802734375,0.06510355323553085,1398.9764404296875,337.244384765625,4.148257179736099,967400.4776396933
1.4811985,7.2003856,215.61405775793813,5282.5869140625,286.4293212890625,0.06465056538581848,1399.545166015625,336.7907409667969,4.155533379564023,967397.5390365522
1.5015744,7.299436,217.44975276877256,5237.99169921875,285.7481384277344,0.06425764411687851,1400.039794921875,336.3955383300781,4.161885742813056,967394.9286080435
1.5219502,7.398487,219.04740888135362,5199.78759765625,285.16180419921875,0.06392012536525726,1400.46630859375,336.0549621582031,4.167372799972103,967394.2145655768
1.5423261,7.497538,220.42376829287883,5167.3193359375,284.66033935546875,0.06363289058208466,1400.8240966796875,335.76336669921875,4.172057572720743,967383.9418630546
1.562702,7.5965886,221.58337455952568,5140.27734375,284.2469482421875,0.06339194625616074,1401.1248779296875,335.52276611328125,4.175945776080754,967383.5217323084
1.5830778,7.6956396,222.54141588678766,5118.1484375,283.9181823730469,0.06319213658571243,1401.3751220703125,335.3313293457031,4.179076034454249,967398.9694838357
1.6034536,7.7946906,223.3305536753238,5100.0634765625,283.649169921875,0.06302857398986816,1401.580810546875,335.1745300292969,4.181644740202562,967412.8027053915
1.6238295,7.893741,223.97219704221035,5085.45263671875,283.4301452636719,0.06289654225111008,1401.7479248046875,335.046875,4.183736752669869,967423.938227619
1.6442052,7.9927917,224.4862626943275,5073.80712890625,283.2545166015625,0.06279140710830688,1401.8817138671875,334.9444274902344,4.1854158445674114,967432.2479209086
1.6645811,8.091843,224.89568309256245,5064.5703125,283.1114501953125,0.062708780169487,1401.987060546875,334.8609924316406,4.186773294692066,967434.0532702518
1.6849569,8.190893,225.21536773726754,5057.38134765625,282.9991455078125,0.0626446083188057,1402.0687255859375,334.7954406738281,4.187836975211058,967434.1546359861
1.7053328,8.289944,225.46141032845443,5051.8623046875,282.912353515625,0.06259544938802719,1402.1317138671875,334.7447814941406,4.188658916828343,967433.6541710395
1.7257086,8.388995,225.6481452461352,5047.681640625,282.8466491699219,0.06255818158388138,1402.1790771484375,334.7064514160156,4.189280102658169,967433.1925229536
1.7460845,8.488046,225.78806080118505,5044.5537109375,282.79736328125,0.06253030896186829,1402.2144775390625,334.67767333984375,4.189746102708212,967432.5218683529
1.7664603,8.587096,225.891372321811,5042.24658203125,282.7611083984375,0.06250973790884018,1402.240478515625,334.656494140625,4.190088951109354,967432.0255745142
1.7868361,8.686148,225.96631863154232,5040.57421875,282.7344665527344,0.06249488145112991,1402.25927734375,334.6409606933594,4.190339623811559,967431.2920095456
1.8072119,8.785198,226.01866829833816,5039.40673828125,282.7160949707031,0.06248447671532631,1402.2720947265625,334.6302185058594,4.1905124438186645,967430.5410075412
1.8275877,8.884249,226.0546330611607,5038.60498046875,282.7034912109375,0.06247734650969505,1402.28076171875,334.62286376953125,4.19063044862517,967429.7677613351
1.8479636,8.983299,226.077965899974,5038.0849609375,282.6955871582031,0.0624726228415966,1402.2861328125,334.6182556152344,4.190704210785615,967429.1892695392
1.8683394,9.082351,226.09295403823126,5037.7509765625,282.6901550292969,0.06246964633464813,1402.2894287109375,334.6150817871094,4.1907538094864165,967428.5431610153
1.8887153,9.181401,226.1032540571516,5037.521484375,282.6869201660156,0.06246752664446831,1402.29150390625,334.6131896972656,4.190783708122637,967427.9313486556
1.9090911,9.280452,226.11261254755405,5037.31298828125,282.68402099609375,0.0624656118452549,1402.293212890625,334.6114807128906,4.19081021937154,967427.4840489182
1.929467,9.379503,226.1232431543752,5037.076171875,282.6804504394531,0.06246344372630119,1402.2955322265625,334.6094055175781,4.19084314159512,967426.9421352848
1.9498428,9.478554,226.1358696684826,5036.794921875,282.676025390625,0.06246093288064003,1402.2982177734375,334.6068115234375,4.190883656518791,967426.2441548378
1.9702185,9.577604,226.15044890826104,5036.47021484375,282.6709899902344,0.06245802715420723,1402.3013916015625,334.6038818359375,4.190929835922038,967425.5881179168
1.9905944,9.676655,226.1680341915644,5036.07861328125,282.6645202636719,0.062454577535390854,1402.3056640625,334.60009765625,4.19099000234947,967424.7803980943
2.0109704,9.775706,226.1908859890969,5035.56982421875,282.6567077636719,0.062450017780065536,1402.3109130859375,334.5955505371094,4.191062645139418,967424.4064987894
2.031346,9.874757,226.2226712614526,5034.8623046875,282.6457214355469,0.06244366988539696,1402.3184814453125,334.589111328125,4.191165922521867,967423.7182977425
2.0517218,9.973806,226.26706274628674,5033.87451171875,282.6301574707031,0.062434881925582886,1402.329345703125,334.58001708984375,4.19131231416777,967423.1899519181
2.0720978,10.072858,226.32666644674416,5032.548828125,282.6092834472656,0.06242305040359497,1402.3443603515625,334.56787109375,4.1915093513525346,967422.9286125554
2.0924735,10.171908,226.4047585655004,5030.81298828125,282.5813903808594,0.06240767613053322,1402.363525390625,334.5515441894531,4.191771192652098,967421.2524874447
2.1128495,10.27096,226.50560012615406,5028.5732421875,282.5436706542969,0.06238819658756256,1402.38818359375,334.529541015625,4.192120610144406,967417.4284911081
2.1332252,10.37001,226.62845922955893,5025.84716796875,282.4980773925781,0.062364429235458374,1402.4180908203125,334.5028991699219,4.192543904105021,967413.1266828921
2.1536012,10.469062,226.77021078401683,5022.70556640625,282.4469299316406,0.0623367540538311,1402.453125,334.4730224609375,4.1930231463250225,967409.9135091235
2.173977,10.568111,226.92505322739026,5019.2783203125,282.39312744140625,0.062306106090545654,1402.491943359375,334.44158935546875,4.193533304462038,967409.3370795439
2.1943529,10.667163,227.08514748737738,5015.73974609375,282.3388366699219,0.062274131923913956,1402.5328369140625,334.40985107421875,4.1940535914499275,967411.3283056318
2.2147286,10.766213,227.2420364723609,5012.27685546875,282.2865905761719,0.062242668122053146,1402.5728759765625,334.37933349609375,4.194556108812112,967414.261646734
2.2351043,10.865264,227.3902090899857,5009.0107421875,282.2373046875,0.062212951481342316,1402.6107177734375,334.35052490234375,4.195030703729592,967417.1147705035
2.2554803,10.964315,227.52474838057242,5006.048828125,282.1920166015625,0.06218613684177399,1402.6446533203125,334.3240661621094,4.195464207593684,967418.5363442944
2.275856,11.063365,227.64151793151038,5003.48095703125,282.1515197753906,0.06216317415237427,1402.673828125,334.3003845214844,4.195848683012373,967418.3820773306
2.296232,11.162416,227.73512662457384,5001.42431640625,282.1189270019531,0.06214478611946106,1402.6973876953125,334.2813415527344,4.1961581857359835,967417.9712291143
2.3166077,11.261467,227.80311449570598,4999.931640625,282.0952453613281,0.06213144585490227,1402.71435546875,334.26751708984375,4.19638248933333,967417.6387427892
2.3369837,11.360518,227.84501274030993,4999.01220703125,282.0807800292969,0.06212323531508446,1402.7247314453125,334.2590637207031,4.196519657032808,967417.3267612848
2.3573594,11.459569,227.86121544958024,4998.65673828125,282.0751037597656,0.06212005764245987,1402.728515625,334.2557067871094,4.196573123935955,967417.0738929715
2.3777351,11.558619,227.853336371805,4998.82958984375,282.0775451660156,0.062121666967868805,1402.726318359375,334.2571716308594,4.196548159357046,967416.5511314756
2.398111,11.65767,227.82302703447078,4999.49462890625,282.08819580078125,0.06212758272886276,1402.71826171875,334.26336669921875,4.196446279980667,967416.1839872124
2.4184868,11.756721,227.77462003501367,5000.55712890625,282.10479736328125,0.06213713064789772,1402.7059326171875,334.2730712890625,4.196287565755478,967415.5789923014
2.4388628,11.855772,227.7075382866996,5002.0302734375,282.1280212402344,0.06215030699968338,1402.688720703125,334.2866516113281,4.196065604001495,967415.2578802838
2.4592385,11.954823,227.620237806334,5003.94873046875,282.1579895019531,0.062167536467313766,1402.6663818359375,334.3041687011719,4.195778913812332,967414.4475845506
2.4796145,12.053874,227.5205762922411,5006.140625,282.19305419921875,0.06218704581260681,1402.6412353515625,334.3246765136719,4.195446324747144,967414.8544744665
2.4999902,12.152924,227.41492700982195,5008.46630859375,282.2335510253906,0.06220700964331627,1402.615478515625,334.3483581542969,4.195072128538279,967420.014197865
2.520366,12.251974,227.31413822818357,5010.68701171875,282.2685546875,0.06222686916589737,1402.58984375,334.3687744140625,4.194739315020833,967419.8949327875
2.540742,12.351026,227.21970218247304,5012.76953125,282.2995910644531,0.06224587559700012,1402.5653076171875,334.3869323730469,4.194438154815408,967417.0710702017
2.5611176,12.450076,227.13171373017806,5014.71142578125,282.3287048339844,0.06226356700062752,1402.5423583984375,334.4039611816406,4.194155934763609,967414.7305746903
2.5814936,12.549128,227.0519259883793,5016.4736328125,282.3554382324219,0.06227954849600792,1402.5216064453125,334.4195556640625,4.193898301372664,967412.7973234181
2.6018693,12.648177,226.98153649866438,5018.029296875,282.37933349609375,0.06229359284043312,1402.503662109375,334.43353271484375,4.193669368990059,967411.9859122897
2.6222453,12.747229,226.9195124036782,5019.40087890625,282.4007873535156,0.06230587512254715,1402.487548828125,334.4460754394531,4.193463914878637,967411.3167153619
2.642621,12.846279,226.86471476576645,5020.61328125,282.41986083984375,0.062316715717315674,1402.4737548828125,334.45721435546875,4.193283011058722,967411.2930585432
2.662997,12.945331,226.81499386939726,5021.7138671875,282.43798828125,0.06232641264796257,1402.4610595703125,334.4678039550781,4.193112290588887,967411.7464693924
2.6833727,13.044381,226.76921874456207,5022.7275390625,282.45458984375,0.06233534216880798,1402.4493408203125,334.47747802734375,4.192955977459449,967412.375502898
2.7037485,13.143431,226.72533519585923,5023.69970703125,282.4708251953125,0.06234382838010788,1402.4383544921875,334.4869689941406,4.192804158289212,967413.6411997303
2.7241244,13.242482,226.6839137811422,5024.61767578125,282.484375,0.06235222518444061,1402.4276123046875,334.4949035644531,4.1926725859201515,967412.2920810145
2.7445002,13.341533,226.6411422298814,5025.56591796875,282.4989318847656,0.06236077845096588,1402.4163818359375,334.5033874511719,4.192532675145632,967411.319226153
2.7648761,13.440584,226.59686799677883,5026.5478515625,282.5140686035156,0.06236961483955383,1402.40478515625,334.5122375488281,4.192387087039061,967410.5663355435
2.7852519,13.539635,226.55067479929284,5027.57275390625,282.5298156738281,0.06237882748246193,1402.3929443359375,334.52142333984375,4.1922365698869815,967410.0527478295
2.8056278,13.638686,226.50212512754067,5028.650390625,282.5468444824219,0.06238844245672226,1402.3802490234375,334.5313720703125,4.192073946143031,967409.6557626408
2.8260036,13.737736,226.45133194045695,5029.7783203125,282.5646057128906,0.062398504465818405,1402.3673095703125,334.5417785644531,4.191904866375699,967409.6447636834
2.8463793,13.836786,226.39827629714463,5030.95703125,282.5835266113281,0.062408965080976486,1402.353759765625,334.55279541015625,4.191726325426043,967409.9018131858
2.8667552,13.935838,226.34355438069352,5032.17333984375,282.6032409667969,0.062419693917036057,1402.33984375,334.5643310546875,4.191540201937352,967410.4840830193
2.887131,14.034888,226.28806864448066,5033.4072265625,282.6235046386719,0.062430527061223984,1402.325927734375,334.576171875,4.191350268238151,967411.6084641365
2.907507,14.13394,226.23408016271748,5034.6083984375,282.6426696777344,0.06244121119379997,1402.31201171875,334.58734130859375,4.1911687580116235,967411.70204007
2.9278827,14.23299,226.18250792259147,5035.75634765625,282.6602783203125,0.06245153769850731,1402.2987060546875,334.5976257324219,4.1910001691886105,967410.9164144776
2.9482586,14.332041,226.13407205782246,5036.8349609375,282.67645263671875,0.06246132403612137,1402.2862548828125,334.6070556640625,4.190844846651036,967409.9450684608
2.9686344,14.431091,226.0884398576402,5037.8515625,282.69219970703125,0.0624704584479332,1402.2742919921875,334.61627197265625,4.190693667481828,967409.2603365462
2.9890103,14.530143,226.04784224777998,5038.75634765625,282.7060546875,0.06247866526246071,1402.263671875,334.6243591308594,4.1905606499096075,967408.3945295495
3.009386,14.629193,226.0118796455581,5039.55810546875,282.71856689453125,0.062485866248607635,1402.25439453125,334.63165283203125,4.190441587530016,967407.949342716
3.0297618,14.728244,225.98129196935756,5040.240234375,282.7290344238281,0.0624920055270195,1402.2467041015625,334.6377868652344,4.190341793846122,967407.8989109434
3.0501378,14.827295,225.95554956280705,5040.814453125,282.73797607421875,0.06249713897705078,1402.239990234375,334.64300537109375,4.190256385844362,967407.6281568065
3.0705135,14.926345,225.93368625786195,5041.30224609375,282.74615478515625,0.06250135600566864,1402.2344970703125,334.64776611328125,4.190180359953885,967408.2844596182
3.0908895,15.025396,225.918150344731,5041.64892578125,282.7505798339844,0.06250467896461487,1402.2303466796875,334.6503601074219,4.190135478203506,967406.8969102788
3.1112652,15.124447,225.90613882872162,5041.9169921875,282.7543029785156,0.06250716745853424,1402.2269287109375,334.65252685546875,4.190098135181683,967406.1678774955
3.1316411,15.223498,225.8976068337001,5042.107421875,282.7570495605469,0.06250894069671631,1402.224609375,334.65411376953125,4.190071335386842,967405.6427627426
3.1520169,15.322549,225.8918754450928,5042.2353515625,282.7590637207031,0.06251007318496704,1402.2230224609375,334.6553039550781,4.190051691662902,967405.3479768676
3.1723926,15.421598,225.8888129902491,5042.3037109375,282.7598571777344,0.06251070648431778,1402.2222900390625,334.65576171875,4.190043771657852,967405.264226354
3.1927686,15.52065,225.8875224091498,5042.33251953125,282.7603454589844,0.06251093745231628,1402.2218017578125,334.65606689453125,4.190038491666522,967405.2126383599
3.2131443,15.6197,225.88824425777773,5042.31640625,282.760009765625,0.06251079589128494,1402.2218017578125,334.6558532714844,4.190041166321038,967404.8960306229
3.2335203,15.718752,225.89058482899964,5042.26416015625,282.7594299316406,0.06251031160354614,1402.2222900390625,334.655517578125,4.190046828412788,967404.7436555363
3.253896,15.817802,225.89485048074044,5042.1689453125,282.7577209472656,0.06250952184200287,1402.2232666015625,334.6545104980469,4.190062355695475,967404.444568615
3.274272,15.916854,225.89986009283436,5042.05712890625,282.75592041015625,0.06250851601362228,1402.224609375,334.6534729003906,4.190079359470359,967404.474187613
3.2946477,16.015903,225.9051105797823,5041.93994140625,282.7543029785156,0.06250742822885513,1402.2257080078125,334.65252685546875,4.190094487508269,967404.3114525654
3.3150237,16.114956,225.91138960754458,5041.7998046875,282.7518310546875,0.06250624358654022,1402.2274169921875,334.6510925292969,4.190117553163016,967404.2182237062
3.3353994,16.214005,225.91801906442842,5041.65185546875,282.7493896484375,0.06250496953725815,1402.2291259765625,334.649658203125,4.190140619015485,967404.0713782776
3.355775,16.313055,225.9242769285513,5041.51220703125,282.7471618652344,0.06250371783971786,1402.2305908203125,334.6483459472656,4.190161427067917,967403.9613665674
3.376151,16.412107,225.92998807913716,5041.384765625,282.74530029296875,0.06250257045030594,1402.2320556640625,334.64727783203125,4.190179178352324,967404.0571251264
3.3965268,16.511158,225.93530561683636,5041.26611328125,282.74334716796875,0.06250153481960297,1402.233154296875,334.6461181640625,4.190196981784265,967403.7511686395
3.4169028,16.610209,225.939901221419,5041.16357421875,282.7417297363281,0.06250058114528656,1402.234375,334.6451721191406,4.190212475262531,967403.6219546185
3.4372785,16.709259,225.9444094723248,5041.06298828125,282.7401123046875,0.062499694526195526,1402.2354736328125,334.64422607421875,4.1902276040520094,967403.6110758845
3.4576545,16.80831,225.94887413110538,5040.96337890625,282.7387390136719,0.062498774379491806,1402.2362060546875,334.6434326171875,4.190239727963715,967403.4472745748
3.4780302,16.90736,225.95386425266608,5040.85205078125,282.73712158203125,0.062497735023498535,1402.2374267578125,334.6424865722656,4.190255221687163,967403.2536426911
3.498406,17.00641,225.9599489973591,5040.71630859375,282.7347412109375,0.06249658390879631,1402.239013671875,334.64111328125,4.190277159678702,967403.0867323002
3.518782,17.105463,225.96662508347796,5040.5673828125,282.7324523925781,0.06249523535370827,1402.2406005859375,334.6397705078125,4.1902987157146665,967403.0774607701
3.5391576,17.204514,225.97448367063612,5040.39208984375,282.7297058105469,0.06249367818236351,1402.242431640625,334.63818359375,4.190324058604574,967402.8753504436
3.5595336,17.303564,225.98339364925468,5040.193359375,282.72674560546875,0.062491875141859055,1402.24462890625,334.6364440917969,4.190352406809549,967402.7914171268
3.5799093,17.402615,225.99431863595333,5039.94970703125,282.7225646972656,0.06248975917696953,1402.2474365234375,334.6340026855469,4.19039136868921,967402.5197805689
3.6002853,17.501665,226.00642711977912,5039.6796875,282.7183837890625,0.06248733028769493,1402.25048828125,334.6315612792969,4.190431060717778,967402.5448908313
3.620661,17.600716,226.02031077560187,5039.3701171875,282.71337890625,0.06248459964990616,1402.2540283203125,334.6286315917969,4.190478327123182,967402.3577348517
3.6410367,17.699766,226.03537888100533,5039.0341796875,282.7080993652344,0.06248161569237709,1402.2576904296875,334.62554931640625,4.1905278700156225,967402.2321987093
3.6614127,17.798819,226.0511061684483,5038.68359375,282.7027282714844,0.06247846782207489,1402.2615966796875,334.6224365234375,4.190578525601857,967402.1594067437
3.6817884,17.897867,226.0678872754049,5038.3095703125,282.69677734375,0.062475189566612244,1402.2659912109375,334.61895751953125,4.190635227620327,967401.9797230336
3.7021644,17.99692,226.08467087406757,5037.935546875,282.69091796875,0.06247184798121452,1402.270263671875,334.6155090332031,4.190691183811002,967402.1554284438
3.7225401,18.09597,226.1011720627601,5037.56787109375,282.6849670410156,0.06246858835220337,1402.2744140625,334.6120300292969,4.190747158551724,967402.1640743896
3.742916,18.19502,226.11627287047133,5037.2314453125,282.6796875,0.06246555224061012,1402.2781982421875,334.60894775390625,4.190797071193435,967401.9629058236
3.7632918,18.294071,226.12984120893816,5036.92919921875,282.6751708984375,0.062462810426950455,1402.2816162109375,334.6063232421875,4.190840156944579,967402.0660043312
3.7836678,18.393124,226.1424026893499,5036.6494140625,282.670654296875,0.062460336834192276,1402.28466796875,334.60369873046875,4.190882148909907,967401.8766615877
3.8040435,18.492172,226.15329920488134,5036.40673828125,282.66656494140625,0.06245820224285126,1402.2874755859375,334.601318359375,4.190920353995215,967401.5962842888
3.8244193,18.591223,226.1618285985535,5036.216796875,282.6636657714844,0.062456484884023666,1402.28955078125,334.599609375,4.1909479613577325,967401.5767189058
3.8447952,18.690275,226.16827540523553,5036.0732421875,282.6617126464844,0.062455128878355026,1402.291015625,334.5984802246094,4.19096648222571,967401.6437243616
3.865171,18.789326,226.17360416574758,5035.95458984375,282.659423828125,0.06245413422584534,1402.29248046875,334.5971374511719,4.190987678946859,967401.4533026852
3.885547,18.888376,226.17667434754173,5035.88623046875,282.6584167480469,0.06245351582765579,1402.293212890625,334.5965270996094,4.190997512873654,967401.3688187671
3.9059227,18.987427,226.17799016525532,5035.85693359375,282.6580505371094,0.062453266233205795,1402.2935791015625,334.5963439941406,4.1910009008529965,967401.32586485
3.9262986,19.086477,226.17825333063524,5035.85107421875,282.65789794921875,0.06245322525501251,1402.293701171875,334.5962219238281,4.191002794679228,967401.4289697495
3.9466743,19.185528,226.17698137030553,5035.87939453125,282.6584167480469,0.06245345622301102,1402.293212890625,334.5965270996094,4.190997512873654,967401.369530136
3.96705,19.284578,226.17491994773877,5035.92529296875,282.6589050292969,0.06245391443371773,1402.292724609375,334.5968322753906,4.190992231077714,967401.1363545562
3.987426,19.38363,226.17167437985293,5035.99755859375,282.6599426269531,0.06245458498597145,1402.2919921875,334.597412109375,4.190982779415853,967401.0384452156
4.007802,19.482681,226.16728862528836,5036.09521484375,282.6617126464844,0.0624554306268692,1402.290771484375,334.5984802246094,4.190965752573188,967401.136833255
4.0281777,19.581732,226.16259605626723,5036.19970703125,282.6632385253906,0.0624563992023468,1402.2896728515625,334.599365234375,4.190951384110691,967401.1917302615
4.0485535,19.680782,226.15728974085596,5036.31787109375,282.66522216796875,0.06245744973421097,1402.288330078125,334.6004943847656,4.190933228166716,967401.1342436869
4.068929,19.779833,226.15178634618982,5036.4404296875,282.66717529296875,0.06245855242013931,1402.2869873046875,334.6016540527344,4.190914690109937,967401.2774422659
4.0893054,19.878885,226.146261295088,5036.5634765625,282.6692810058594,0.062459614127874374,1402.2855224609375,334.6029052734375,4.190894640663654,967401.3751967256
4.109681,19.977936,226.14126267194436,5036.6748046875,282.6709899902344,0.062460608780384064,1402.2840576171875,334.6038818359375,4.190878031429275,967401.3232627022
4.130057,20.076984,226.1363958038384,5036.783203125,282.6728820800781,0.06246153637766838,1402.2828369140625,334.60498046875,4.1908606230235925,967401.3248972633
4.1504326,20.176035,226.13209910340993,5036.87890625,282.67431640625,0.06246236339211464,1402.28173828125,334.6058349609375,4.190846637342577,967401.3677951596
4.1708083,20.275085,226.12832866407516,5036.962890625,282.6756896972656,0.06246311217546463,1402.2806396484375,334.60662841796875,4.19083341617728,967401.4340997015
4.1911845,20.374138,226.125106353361,5037.03466796875,282.6768798828125,0.06246373429894447,1402.2796630859375,334.6073303222656,4.190821706551914,967401.2654489961
4.2115602,20.473188,226.122607481746,5037.09033203125,282.6776428222656,0.062464259564876556,1402.279052734375,334.6077575683594,4.190814531393205,967401.0256500295
4.231936,20.572239,226.1204374538341,5037.138671875,282.6783142089844,0.06246471032500267,1402.2784423828125,334.608154296875,4.1908077384709115,967401.0095254919
4.2523117,20.67129,226.11817979223477,5037.18896484375,282.6793212890625,0.06246509775519371,1402.2777099609375,334.6087646484375,4.190797905231995,967400.9423697627
4.272688,20.770342,226.1166454848393,5037.22314453125,282.6795959472656,0.062465451657772064,1402.27734375,334.6089172363281,4.190794899705549,967400.8238282313
4.2930636,20.869392,226.1147385889542,5037.265625,282.6802673339844,0.062465813010931015,1402.27685546875,334.60931396484375,4.190788471644523,967400.8478553753
4.3134394,20.968443,226.1124152880077,5037.3173828125,282.6813659667969,0.06246620789170265,1402.27587890625,334.6099548339844,4.190777526633912,967400.6887664676
4.333815,21.067493,226.11077147183914,5037.35400390625,282.681640625,0.062466610223054886,1402.2755126953125,334.610107421875,4.190774521127449,967400.359578067
4.354191,21.166542,226.10855783716383,5037.4033203125,282.6822204589844,0.0624670647084713,1402.2750244140625,334.6104431152344,4.190768857537246,967400.2388672725
4.374567,21.265594,226.10597166541305,5037.4609375,282.6830749511719,0.06246761605143547,1402.2742919921875,334.6109313964844,4.190760553278567,967400.0017103475
4.3949428,21.364645,226.1028595710595,5037.5302734375,282.6846008300781,0.06246817111968994,1402.2733154296875,334.6118469238281,4.190746168496851,967400.0820577801
4.4153185,21.463696,226.1001201222799,5037.59130859375,282.6854553222656,0.0624687522649765,1402.272705078125,334.6123352050781,4.190738229117275,967399.9383484642
4.435694,21.562746,226.09707393318644,5037.6591796875,282.6864929199219,0.06246936693787575,1402.2720947265625,334.6129455566406,4.190728760938501,967400.1977607122
4.45607,21.661797,226.09376485675435,5037.73291015625,282.6874084472656,0.06247006729245186,1402.2713623046875,334.61346435546875,4.190720074596333,967400.0995306807
4.476446,21.760849,226.0898203888807,5037.82080078125,282.68896484375,0.06247080862522125,1402.270263671875,334.6143798828125,4.190705325225333,967400.1561608121
4.496822,21.8599,226.08607327187994,5037.904296875,282.6902160644531,0.062471553683280945,1402.269287109375,334.6151123046875,4.190693233940143,967400.2098141992
4.5171976,21.95895,226.08232627908336,5037.98779296875,282.69134521484375,0.06247230991721153,1402.268310546875,334.6157531738281,4.190682289301593,967400.1529326885
4.5375733,22.058,226.07842603254494,5038.07470703125,282.69268798828125,0.062473077327013016,1402.267333984375,334.6165466308594,4.190669433724452,967399.9777044577
4.5579495,22.157053,226.07463547244419,5038.1591796875,282.69415283203125,0.06247381493449211,1402.2662353515625,334.6174011230469,4.190655449015084,967400.0373085882
4.5783253,22.256102,226.0714146917849,5038.23095703125,282.6951599121094,0.06247449666261673,1402.265380859375,334.6180114746094,4.190645251520713,967399.9461478787
4.598701,22.355152,226.06806254815405,5038.3056640625,282.6964416503906,0.06247514858841896,1402.2645263671875,334.6187438964844,4.190633525302407,967399.8006347439
4.6190767,22.454203,226.06506103984975,5038.37255859375,282.69744873046875,0.06247576326131821,1402.2637939453125,334.6193542480469,4.190623692692448,967399.856817988
4.6394525,22.553253,226.06197197949206,5038.44140625,282.6983947753906,0.06247638165950775,1402.2630615234375,334.619873046875,4.190615006679542,967399.8865786141
4.6598287,22.652306,226.05855439406045,5038.517578125,282.6995849609375,0.06247707083821297,1402.26220703125,334.6205749511719,4.190603662777967,967399.8129191707
4.6802044,22.751356,226.05458924815377,5038.60595703125,282.7012023925781,0.06247781962156296,1402.2611083984375,334.62152099609375,4.190588531855986,967399.8245198244
4.70058,22.850407,226.05038327856357,5038.69970703125,282.70257568359375,0.06247866153717041,1402.2601318359375,334.622314453125,4.190575676722751,967399.9180475817
4.720956,22.949457,226.04536698823952,5038.8115234375,282.704345703125,0.0624796599149704,1402.2587890625,334.62335205078125,4.190558669825584,967399.9413280279
4.741332,23.04851,226.03980332837844,5038.935546875,282.70623779296875,0.06248079240322113,1402.25732421875,334.62445068359375,4.190540533885443,967399.7715457731
4.761708,23.14756,226.03296960131595,5039.087890625,282.7087097167969,0.062482137233018875,1402.255615234375,334.62591552734375,4.190517082409866,967399.8307540695
4.7820835,23.24661,226.0251507474171,5039.26220703125,282.71124267578125,0.06248371675610542,1402.253662109375,334.62738037109375,4.190492901550104,967399.7963217332
4.8024592,23.34566,226.01560240464806,5039.47509765625,282.7147521972656,0.06248559057712555,1402.2510986328125,334.6294250488281,4.190459635844039,967399.7613184918
4.822835,23.44471,226.004784844292,5039.71630859375,282.71856689453125,0.06248773634433746,1402.248291015625,334.63165283203125,4.190423348025255,967399.7201503953
4.843211,23.543762,225.99243569717717,5039.99169921875,282.722900390625,0.06249018758535385,1402.2449951171875,334.6341857910156,4.190381780039986,967399.5600972949
4.863587,23.642813,225.9787962752528,5040.2958984375,282.72760009765625,0.06249294802546501,1402.2415771484375,334.6369323730469,4.190337172901303,967399.4500955958
4.8839626,23.741863,225.96351682381396,5040.63671875,282.7331237792969,0.06249595806002617,1402.237548828125,334.6401672363281,4.190284628437455,967399.375223286
4.9043384,23.840914,225.94734212046285,5040.99755859375,282.7385559082031,0.062499213963747025,1402.2335205078125,334.6433410644531,4.1902328492403464,967399.4400139954
4.924714,23.939964,225.93038196223478,5041.3759765625,282.7445373535156,0.06250261515378952,1402.229248046875,334.6468200683594,4.19017652031009,967399.3497557921
4.9450903,24.039017,225.9133587125331,5041.755859375,282.7503967285156,0.06250603497028351,1402.2249755859375,334.6502380371094,4.190120956765746,967399.3696268323
4.965466,24.138067,225.89705993292247,5042.11962890625,282.756103515625,0.06250931322574615,1402.2210693359375,334.653564453125,4.190067634950731,967399.5103020814
4.9858418,24.237118,225.88102597909904,5042.4775390625,282.7618713378906,0.06251247227191925,1402.217041015625,334.6569519042969,4.190013185253125,967399.7148682249
